PLAYER_ID,PLAYER_NAME,NICKNAME,TEAM_ID,AGE,GP,W,L,W_PCT,MIN,FG3_PCT,OREB,DREB,REB,AST,TOV,STL,BLK,PTS,TEAM_COUNT,OFF_RATING,DEF_RATING,NET_RATING,TS_PCT,REB_PCT,OREB_PCT,DREB_PCT,TM_TOV_PCT,AST_TO,USG_PCT,PIE,OFF_RATING_RANK,DEF_RATING_RANK,NET_RATING_RANK,TS_PCT_RANK,REB_PCT_RANK,OREB_PCT_RANK,DREB_PCT_RANK,PACE_RANK,TM_TOV_PCT_RANK,AST_TO_RANK,USG_PCT_RANK,PIE_RANK
1630639,A.J. Lawson,A.J.,1610612761,25.0,24,12,12,0.5,9.4,0.422,0.4,1.4,1.8,0.3,0.3,0.5,0.2,4.2,1,107.6,110.7,-3.1,0.588,0.096,0.039,0.156,6.1,1.17,0.172,0.091,429,194,330,230,197,278,144,456,60,465,284,268
1631260,AJ Green,AJ,1610612749,26.0,78,31,47,0.397,29.1,0.419,0.4,2.4,2.7,1.9,1.0,0.5,0.1,10.4,1,113.1,116.7,-3.6,0.627,0.046,0.013,0.08,8.7,2.03,0.135,0.058,229,442,343,109,531,530,488,467,182,199,467,497
1642358,AJ Johnson,AJ,1610612742,21.0,48,9,39,0.188,9.4,0.211,0.3,0.9,1.1,1.0,0.6,0.2,0.1,3.3,2,105.7,112.1,-6.4,0.413,0.057,0.027,0.089,11.1,1.57,0.195,0.045,483,256,408,555,447,393,431,270,394,347,185,544
203932,Aaron Gordon,Aaron,1610612743,30.0,36,27,9,0.75,27.9,0.389,1.4,4.4,5.8,2.7,1.1,0.6,0.3,16.2,1,124.7,112.0,12.7,0.62,0.102,0.052,0.148,6.3,2.53,0.213,0.117,9,248,32,123,168,202,165,426,70,118,133,104
1628988,Aaron Holiday,Aaron,1610612745,29.0,57,38,19,0.667,13.7,0.394,0.2,0.8,1.0,1.1,0.7,0.5,0.1,5.5,1,114.6,106.3,8.3,0.578,0.035,0.016,0.054,10.4,1.58,0.159,0.063,158,71,64,272,564,498,557,445,328,338,350,468
1630174,Aaron Nesmith,Aaron,1610612754,26.0,45,10,35,0.222,29.7,0.379,1.1,3.1,4.2,1.9,1.4,0.6,0.5,13.8,1,111.1,118.4,-7.3,0.554,0.067,0.034,0.102,9.0,1.37,0.19,0.067,312,490,425,363,367,318,359,193,204,414,203,448
1630598,Aaron Wiggins,Aaron,1610612760,27.0,65,50,15,0.769,21.8,0.356,0.6,2.4,3.1,1.7,1.2,0.9,0.4,9.4,1,112.8,106.7,6.2,0.538,0.066,0.028,0.101,10.7,1.35,0.194,0.082,240,80,96,412,375,382,365,320,353,418,190,340
1642846,Ace Bailey,Ace,1610612762,19.0,72,19,53,0.264,27.6,0.344,1.4,2.8,4.2,1.8,1.5,0.8,0.7,13.8,1,109.8,120.4,-10.7,0.533,0.072,0.048,0.097,9.2,1.22,0.21,0.069,367,523,491,424,335,216,381,99,222,450,145,436
1642380,Adama Bal,Adama,1610612763,22.0,8,1,7,0.125,30.2,0.409,0.8,2.4,3.1,2.4,0.8,1.1,0.1,10.4,1,99.6,130.0,-30.3,0.573,0.049,0.022,0.08,6.2,3.17,0.134,0.052,540,573,571,294,501,443,486,54,67,50,468,522
1641737,Adem Bona,Adem,1610612755,23.0,71,41,30,0.577,17.4,0.333,1.8,2.5,4.3,0.5,0.8,0.4,1.2,4.8,1,113.1,112.9,0.3,0.638,0.119,0.099,0.138,15.6,0.57,0.108,0.069,228,282,244,81,114,69,207,245,541,548,539,437
1642876,Adou Thiero,Adou,1610612747,22.0,25,15,10,0.6,6.0,0.333,0.4,0.8,1.1,0.4,0.4,0.3,0.1,1.9,1,109.2,122.4,-13.2,0.578,0.104,0.068,0.139,15.3,1.11,0.143,0.054,387,546,524,273,162,142,201,401,538,473,413,513
1642349,Ajay Mitchell,Ajay,1610612760,24.0,57,50,7,0.877,25.8,0.347,0.7,2.6,3.3,3.6,1.4,1.2,0.3,13.6,1,118.2,102.5,15.6,0.585,0.062,0.027,0.093,8.6,2.54,0.21,0.116,70,32,22,242,409,392,413,233,178,115,143,113
201143,Al Horford,Al,1610612744,40.0,45,22,23,0.489,21.5,0.361,1.0,3.9,4.9,2.6,0.9,0.7,1.1,8.3,1,112.7,113.5,-0.9,0.554,0.111,0.043,0.184,8.5,2.76,0.163,0.104,249,316,276,360,140,244,82,351,173,86,330,185
1630828,Alex Antetokounmpo,Alex,1610612749,24.0,6,2,4,0.333,3.4,0.286,0.3,0.7,1.0,0.2,0.2,0.0,0.2,3.2,1,102.2,89.4,12.8,0.651,0.113,0.083,0.138,5.9,1.0,0.314,0.196,526,8,31,68,129,93,205,21,54,496,11,7
1627936,Alex Caruso,Alex,1610612760,32.0,56,47,9,0.839,18.2,0.293,0.5,2.3,2.8,2.0,0.9,1.3,0.3,6.2,1,116.9,99.3,17.6,0.54,0.073,0.028,0.113,10.0,2.29,0.152,0.093,105,18,16,407,331,388,315,212,288,155,383,245
1631457,Alex Morales,Alex,1610612753,28.0,4,3,1,0.75,5.9,0.0,0.3,0.5,0.8,1.0,1.0,0.0,0.0,2.0,1,120.4,104.1,16.3,0.508,0.073,0.043,0.111,25.0,1.0,0.203,-0.006,33,45,18,488,329,241,323,439,576,496,155,576
1642259,Alex Sarr,Alex,1610612764,21.0,48,11,37,0.229,27.2,0.333,2.2,5.2,7.4,2.7,1.7,0.8,2.0,16.3,1,108.0,120.4,-12.4,0.544,0.126,0.073,0.179,8.8,1.59,0.252,0.121,421,520,513,393,94,116,97,170,191,333,59,97
1642918,Alijah Martin,Alijah,1610612761,24.0,23,10,13,0.435,6.3,0.19,0.4,0.5,0.9,0.5,0.3,0.3,0.2,2.2,1,101.3,107.1,-5.8,0.437,0.068,0.053,0.086,10.1,1.5,0.185,0.062,530,87,394,543,359,193,446,524,305,373,217,477
1631214,Alondes Williams,Alondes,1610612764,27.0,4,2,2,0.5,25.2,0.357,1.3,5.0,6.3,3.0,1.3,0.8,0.8,11.0,1,122.5,106.9,15.6,0.745,0.128,0.054,0.192,10.9,2.4,0.141,0.133,18,85,24,14,91,185,71,157,379,139,434,64
1630578,Alperen Sengun,Alperen,1610612745,23.0,72,46,26,0.639,33.3,0.305,3.0,5.9,8.9,6.2,3.2,1.2,1.1,20.4,1,117.1,113.7,3.4,0.569,0.133,0.089,0.177,11.6,1.96,0.259,0.142,95,325,159,312,83,85,99,526,433,227,51,42
1642873,Amari Williams,Amari,1610612738,24.0,22,15,7,0.682,6.6,0.0,0.4,1.4,1.8,0.5,0.5,0.1,0.5,1.4,1,89.0,106.4,-17.4,0.573,0.12,0.054,0.187,23.4,0.91,0.103,0.079,566,72,549,293,110,190,80,238,574,520,554,361
1641708,Amen Thompson,Amen,1610612745,23.0,79,49,30,0.62,37.4,0.216,3.0,4.8,7.8,5.3,2.4,1.5,0.6,18.3,1,117.0,110.4,6.6,0.594,0.101,0.078,0.123,10.4,2.21,0.195,0.128,98,174,85,212,173,107,268,506,334,169,188,78
1629599,Amir Coffey,Amir,1610612756,29.0,46,20,26,0.435,10.7,0.347,0.4,0.8,1.2,0.6,0.2,0.2,0.1,3.2,2,107.6,109.8,-2.2,0.594,0.057,0.039,0.073,5.6,3.0,0.117,0.068,431,147,306,207,448,283,518,507,46,59,519,445
1643158,Andersson Garcia,Andersson,1610612762,25.0,5,1,4,0.2,33.8,0.077,3.4,5.0,8.4,2.8,1.4,1.6,0.8,5.2,1,105.8,115.6,-9.8,0.394,0.117,0.089,0.15,13.0,2.0,0.094,0.052,482,413,474,561,119,84,163,150,499,207,568,521
203083,Andre Drummond,Andre,1610612755,32.0,63,33,30,0.524,19.5,0.356,3.2,5.3,8.4,1.3,1.0,0.6,0.8,6.4,1,110.3,113.6,-3.2,0.539,0.202,0.145,0.264,11.8,1.31,0.143,0.113,343,319,332,410,7,15,10,390,447,427,415,128
1641748,Andre Jackson Jr.,Andre,1610612749,24.0,48,12,36,0.25,8.5,0.25,0.5,1.0,1.5,0.9,0.6,0.4,0.1,2.4,1,103.2,110.6,-7.5,0.425,0.09,0.059,0.126,14.9,1.39,0.17,0.044,512,185,428,550,227,163,255,416,531,403,294,545
1629614,Andrew Nembhard,Andrew,1610612754,26.0,57,13,44,0.228,31.3,0.361,0.4,2.4,2.8,7.7,2.4,0.9,0.1,16.9,1,109.3,119.3,-10.0,0.564,0.044,0.013,0.075,9.6,3.19,0.233,0.111,383,504,478,330,541,520,508,253,265,49,87,141
203952,Andrew Wiggins,Andrew,1610612748,31.0,68,35,33,0.515,30.3,0.414,1.7,3.1,4.8,2.7,1.5,1.1,1.0,15.4,1,113.7,113.9,-0.1,0.586,0.074,0.051,0.098,8.8,1.77,0.194,0.092,198,336,262,240,318,205,378,82,188,277,192,257
1629014,Anfernee Simons,Anfernee,1610612741,27.0,55,31,24,0.564,24.9,0.385,0.6,1.9,2.5,2.4,1.2,0.5,0.1,14.3,2,116.9,114.0,3.0,0.576,0.047,0.021,0.075,7.7,1.97,0.227,0.096,101,340,176,279,528,454,509,554,125,224,98,231
1641710,Anthony Black,Anthony,1610612753,22.0,64,36,28,0.563,29.8,0.333,0.7,3.1,3.8,3.7,2.1,1.4,0.7,15.0,1,113.3,113.1,0.2,0.549,0.062,0.024,0.101,10.7,1.79,0.219,0.09,219,298,248,376,403,427,364,352,356,273,120,271
203076,Anthony Davis,Anthony,1610612764,33.0,20,10,10,0.5,31.3,0.27,3.1,8.0,11.1,2.8,2.1,1.1,1.7,20.4,1,110.0,114.6,-4.6,0.551,0.172,0.099,0.24,8.9,1.37,0.272,0.151,364,366,375,371,32,70,22,335,195,413,34,28
1630162,Anthony Edwards,Anthony,1610612750,24.0,61,37,24,0.607,35.0,0.399,0.6,4.4,5.0,3.7,2.9,1.4,0.8,28.8,1,117.8,114.3,3.5,0.617,0.069,0.017,0.12,9.6,1.3,0.309,0.145,82,358,155,128,355,493,282,314,264,430,14,36
1630264,Anthony Gill,Anthony,1610612764,33.0,55,6,49,0.109,17.3,0.354,1.1,1.8,2.9,1.3,0.7,0.6,0.4,5.8,1,107.0,121.4,-14.4,0.682,0.084,0.059,0.112,10.6,1.92,0.116,0.08,454,537,536,35,254,162,320,121,346,239,521,350
1641810,Antonio Reeves,Antonio,1610612766,25.0,10,4,6,0.4,6.8,0.538,0.2,0.6,0.8,0.3,0.1,0.1,0.0,2.7,1,115.0,95.4,19.7,0.675,0.062,0.029,0.1,4.2,3.0,0.133,0.099,142,14,12,43,413,379,371,581,33,59,473,212
1630574,Ariel Hukporti,Ariel,1610612752,24.0,54,35,19,0.648,9.2,0.25,1.0,1.9,2.9,0.5,0.6,0.2,0.5,2.2,1,106.8,103.8,3.1,0.619,0.148,0.104,0.192,20.6,0.91,0.104,0.084,461,43,172,124,57,60,72,422,567,522,550,321
1642854,Asa Newell,Asa,1610612737,20.0,44,23,21,0.523,11.4,0.387,1.0,1.2,2.2,0.6,0.5,0.4,0.3,5.2,1,110.2,114.0,-3.8,0.624,0.091,0.078,0.106,10.0,1.13,0.16,0.074,349,342,349,113,225,106,347,57,294,470,345,393
1641709,Ausar Thompson,Ausar,1610612765,23.0,73,53,20,0.726,26.0,0.25,2.1,3.7,5.7,3.1,1.5,2.0,0.9,9.9,1,118.8,107.2,11.6,0.545,0.108,0.08,0.135,11.0,2.07,0.168,0.101,61,89,42,388,147,99,223,368,386,186,305,202
1630559,Austin Reaves,Austin,1610612747,28.0,51,36,15,0.706,34.5,0.36,0.6,4.1,4.7,5.5,3.0,1.1,0.4,23.3,1,117.3,112.3,5.0,0.641,0.071,0.02,0.117,11.3,1.85,0.258,0.137,88,262,120,77,342,456,297,403,409,253,54,56
1630245,Ayo Dosunmu,Ayo,1610612750,26.0,69,36,33,0.522,27.3,0.439,0.7,2.8,3.4,3.6,1.4,0.8,0.3,14.8,2,111.7,113.2,-1.5,0.63,0.059,0.024,0.093,8.4,2.59,0.197,0.114,287,300,289,100,425,424,410,189,165,111,178,123
1628389,Bam Adebayo,Bam,1610612748,28.0,73,37,36,0.507,32.4,0.318,2.0,8.0,10.0,3.2,1.6,1.2,0.7,20.1,1,117.1,111.0,6.1,0.551,0.146,0.059,0.236,7.1,1.93,0.248,0.138,94,210,101,370,60,168,24,133,92,234,67,53
1631248,Baylor Scheierman,Baylor,1610612738,25.0,77,54,23,0.701,18.6,0.399,0.7,2.8,3.5,1.5,0.6,0.5,0.1,5.5,1,116.3,109.0,7.3,0.616,0.089,0.038,0.138,9.0,2.52,0.117,0.085,111,130,78,131,237,290,203,564,209,119,517,315
1642879,Ben Saraf,Ben,1610612751,20.0,44,10,34,0.227,20.8,0.211,0.5,1.6,2.1,3.3,2.3,0.9,0.2,7.5,1,103.6,116.0,-12.5,0.486,0.052,0.021,0.085,16.9,1.46,0.202,0.06,506,426,515,507,486,449,452,421,552,387,160,488
1641767,Ben Sheppard,Ben,1610612754,24.0,65,16,49,0.246,21.4,0.362,0.7,2.3,3.0,1.8,0.6,0.6,0.1,7.1,1,107.1,116.0,-8.8,0.561,0.065,0.028,0.106,7.3,2.78,0.131,0.066,451,423,456,347,379,387,345,116,99,85,482,456
1631097,Bennedict Mathurin,Bennedict,1610612746,24.0,54,22,32,0.407,30.0,0.315,1.0,4.4,5.4,2.4,2.2,0.8,0.2,17.6,2,111.4,115.3,-3.9,0.575,0.088,0.034,0.142,11.0,1.09,0.246,0.105,302,401,353,280,238,316,187,345,390,479,70,178
1643016,Bez Mbeng,Bez,1610612762,23.0,15,2,13,0.133,32.8,0.194,1.2,2.6,3.8,4.1,1.5,2.3,0.3,8.1,1,107.2,120.4,-13.2,0.55,0.054,0.032,0.078,11.3,2.82,0.106,0.06,447,521,526,375,471,331,495,26,411,80,547,489
1641731,Bilal Coulibaly,Bilal,1610612764,21.0,56,14,42,0.25,26.2,0.319,0.9,3.5,4.3,2.6,1.4,1.3,1.0,11.7,1,108.5,121.2,-12.8,0.531,0.077,0.03,0.128,9.6,1.79,0.193,0.082,407,533,518,433,292,367,246,105,262,272,193,336
202687,Bismack Biyombo,Bismack,1610612759,33.0,25,20,5,0.8,5.7,0.0,0.2,0.8,1.0,0.2,0.3,0.2,0.1,0.9,1,94.2,127.1,-32.9,0.636,0.1,0.04,0.156,25.8,0.63,0.082,0.024,557,565,572,87,180,275,147,442,578,544,576,564
1642396,Blake Hinson,Blake,1610612762,26.0,14,4,10,0.286,20.4,0.468,0.8,1.6,2.4,1.1,0.4,0.4,0.1,11.9,1,114.5,107.8,6.7,0.684,0.053,0.035,0.071,3.5,3.2,0.175,0.101,166,95,83,33,476,302,527,126,28,48,273,198
1631104,Blake Wesley,Blake,1610612757,23.0,31,20,11,0.645,11.6,0.278,0.3,1.0,1.3,2.0,1.0,0.5,0.2,4.8,1,104.4,113.0,-8.6,0.511,0.052,0.02,0.087,13.1,2.0,0.189,0.075,499,289,449,481,484,458,443,53,504,207,206,388
1626171,Bobby Portis Jr.,Bobby,1610612749,31.0,67,26,41,0.388,24.2,0.456,1.3,5.1,6.4,1.6,1.0,0.6,0.2,13.7,1,110.2,118.4,-8.2,0.587,0.129,0.055,0.198,6.9,1.59,0.225,0.122,351,489,443,235,89,180,60,487,82,328,105,91
1641752,Bobi Klintman,Bobi,1610612765,23.0,12,8,4,0.667,5.9,0.308,0.4,1.2,1.6,0.5,0.5,0.3,0.0,1.8,1,92.5,96.8,-4.3,0.388,0.113,0.056,0.179,15.0,1.0,0.18,0.039,560,15,363,564,130,178,96,33,534,496,243,551
203992,Bogdan Bogdanovic,Bogdan,1610612746,33.0,23,8,15,0.348,19.7,0.347,0.3,2.3,2.6,2.2,1.2,0.4,0.1,7.4,1,109.1,113.5,-4.4,0.525,0.066,0.014,0.112,11.2,1.89,0.185,0.069,394,310,367,450,378,512,317,567,406,246,218,438
1630538,Bones Hyland,Bones,1610612750,25.0,71,42,29,0.592,16.6,0.388,0.3,1.5,1.8,2.6,1.0,0.6,0.2,8.5,1,113.8,108.6,5.2,0.599,0.051,0.018,0.085,9.2,2.69,0.197,0.101,196,118,116,191,490,482,454,208,226,101,176,199
203078,Bradley Beal,Bradley,1610612746,33.0,6,2,4,0.333,20.2,0.368,0.3,0.5,0.8,1.7,1.5,0.5,0.0,8.2,1,119.1,128.5,-9.3,0.476,0.022,0.019,0.025,12.7,1.11,0.224,0.018,54,570,464,519,575,473,575,546,483,473,108,567
1642382,Branden Carlson,Branden,1610612760,27.0,42,32,10,0.762,11.6,0.36,0.7,2.3,3.0,0.7,0.4,0.2,0.6,5.8,1,112.6,114.6,-2.0,0.613,0.121,0.057,0.182,6.6,1.81,0.185,0.109,251,367,300,141,104,171,90,258,75,266,216,154
1641764,Brandin Podziemski,Brandin,1610612744,23.0,82,37,45,0.451,28.4,0.371,0.9,4.2,5.1,3.7,1.6,1.1,0.2,13.8,1,110.3,110.4,-0.1,0.583,0.087,0.029,0.147,9.3,2.32,0.196,0.114,345,172,261,249,245,373,169,333,236,147,183,125
1629634,Brandon Clarke,Brandon,1610612763,29.0,2,1,1,0.5,10.2,0.0,2.0,1.0,3.0,0.5,0.0,1.0,0.0,4.0,1,87.8,110.0,-22.2,0.372,0.115,0.154,0.077,0.0,0.0,0.193,0.023,570,158,558,565,126,7,503,3,1,560,194,565
1627742,Brandon Ingram,Brandon,1610612761,28.0,77,43,34,0.558,33.8,0.382,0.8,4.8,5.6,3.7,2.4,0.8,0.7,21.5,1,114.6,113.7,1.0,0.573,0.083,0.024,0.144,9.8,1.52,0.264,0.121,159,326,228,297,265,423,181,485,278,368,42,96
1641706,Brandon Miller,Brandon,1610612766,23.0,65,41,24,0.631,30.3,0.383,1.1,3.8,4.9,3.3,2.5,1.0,0.7,20.2,1,119.8,111.3,8.5,0.574,0.078,0.034,0.122,10.8,1.33,0.272,0.113,42,221,62,286,291,311,270,503,363,424,35,131
1630314,Brandon Williams,Brandon,1610612742,26.0,66,23,43,0.348,22.2,0.232,0.5,2.4,2.9,3.9,1.9,0.9,0.3,13.0,1,111.2,115.6,-4.4,0.572,0.062,0.019,0.105,11.0,2.05,0.242,0.115,310,411,370,301,406,465,350,64,387,192,77,119
1641729,Brice Sensabaugh,Brice,1610612762,22.0,75,18,57,0.24,23.5,0.367,0.7,2.3,3.1,1.9,1.7,0.7,0.2,14.9,1,111.4,120.8,-9.4,0.59,0.063,0.03,0.097,10.3,1.15,0.244,0.09,303,529,466,223,394,352,382,80,317,469,74,273
1642355,Bronny James,Bronny,1610612747,21.0,42,24,18,0.571,8.9,0.386,0.1,0.4,0.5,1.2,0.6,0.5,0.1,2.9,1,106.2,114.2,-8.0,0.517,0.032,0.014,0.05,12.9,2.04,0.163,0.058,471,355,438,470,568,510,560,457,497,195,329,498
201572,Brook Lopez,Brook,1610612746,38.0,75,41,34,0.547,21.8,0.36,0.6,3.0,3.6,1.3,0.8,0.6,1.2,8.5,1,113.9,112.7,1.2,0.552,0.085,0.03,0.135,8.4,1.59,0.171,0.076,190,274,224,368,251,353,215,536,164,329,286,382
1642964,Brooks Barnhizer,Brooks,1610612760,24.0,40,29,11,0.725,8.7,0.292,0.5,1.5,2.0,0.6,0.3,0.3,0.1,1.7,1,100.1,114.6,-14.5,0.451,0.103,0.049,0.159,9.3,2.2,0.103,0.062,534,365,537,540,163,211,137,331,241,171,555,471
1628971,Bruce Brown,Bruce,1610612743,29.0,82,54,28,0.659,24.4,0.385,1.0,2.8,3.9,2.1,1.1,1.0,0.2,7.9,1,114.2,115.2,-1.0,0.562,0.077,0.043,0.109,10.8,1.91,0.142,0.069,179,392,280,341,294,245,328,420,369,241,425,434
1631121,Bryce McGowens,Bryce,1610612740,23.0,42,14,28,0.333,21.0,0.409,0.3,1.8,2.1,1.5,0.4,0.6,0.2,8.1,1,115.3,118.9,-3.6,0.61,0.047,0.013,0.082,4.7,3.65,0.136,0.067,138,496,347,152,520,526,478,166,38,29,459,453
1642267,Bub Carrington,Bub,1610612764,20.0,82,17,65,0.207,27.7,0.408,0.4,3.0,3.4,4.6,2.3,0.6,0.2,10.7,1,107.3,122.6,-15.3,0.556,0.058,0.013,0.104,14.1,1.99,0.174,0.072,440,549,542,358,438,519,351,144,521,220,277,416
1631205,Buddy Boeheim,Buddy,1610612760,26.0,4,2,2,0.5,3.8,0.333,0.0,0.0,0.0,0.0,0.0,0.0,0.0,1.5,1,84.4,72.4,12.0,0.5,0.0,0.0,0.0,0.0,0.0,0.158,0.028,573,4,36,495,579,565,577,548,1,560,358,559
1627741,Buddy Hield,Buddy,1610612737,33.0,51,25,26,0.49,16.1,0.349,0.5,1.7,2.3,1.4,0.9,0.8,0.2,7.6,2,110.2,115.0,-4.9,0.568,0.069,0.032,0.106,10.4,1.48,0.192,0.085,352,388,381,316,356,341,344,136,333,383,196,310
1643047,CJ Huntley,CJ,1610612756,24.0,4,3,1,0.75,10.1,0.0,0.5,0.8,1.3,0.5,0.0,0.3,0.0,3.0,1,122.4,104.7,17.6,0.545,0.067,0.053,0.081,0.0,0.0,0.107,0.061,21,53,15,387,369,193,480,356,1,560,542,485
203468,CJ McCollum,CJ,1610612737,34.0,76,37,39,0.487,29.8,0.375,0.8,2.5,3.3,3.9,1.8,0.8,0.5,18.7,2,113.6,112.0,1.5,0.566,0.051,0.025,0.077,8.1,2.17,0.247,0.105,208,249,215,328,488,412,501,192,145,174,68,173
1630595,Cade Cunningham,Cade,1610612765,24.0,64,47,17,0.734,33.9,0.342,0.9,4.7,5.5,9.9,3.7,1.4,0.8,23.9,1,120.4,109.0,11.4,0.564,0.079,0.025,0.132,10.7,2.69,0.296,0.159,32,127,44,334,283,411,232,362,355,100,20,18
1631216,Caleb Houstan,Caleb,1610612737,23.0,18,12,6,0.667,4.2,0.524,0.3,0.3,0.6,0.2,0.2,0.1,0.1,2.3,1,97.6,98.2,-0.6,0.769,0.073,0.066,0.081,11.4,1.0,0.168,0.103,547,16,272,8,326,147,480,37,423,496,304,191
1631126,Caleb Love,Caleb,1610612757,24.0,49,24,25,0.49,20.7,0.318,0.5,1.8,2.3,2.5,1.3,0.6,0.1,10.4,1,108.2,114.5,-6.3,0.497,0.053,0.023,0.083,8.9,1.98,0.228,0.079,416,363,402,500,481,432,466,204,198,221,95,354
1628997,Caleb Martin,Caleb,1610612742,30.0,58,20,38,0.345,14.8,0.351,0.5,2.0,2.5,1.4,0.7,0.7,0.3,3.9,1,102.9,112.1,-9.2,0.526,0.077,0.03,0.125,11.8,2.03,0.122,0.063,517,258,462,441,295,361,259,75,446,201,505,465
1642353,Cam Christie,Cam,1610612746,20.0,55,26,29,0.473,8.7,0.245,0.3,1.1,1.4,0.6,0.4,0.3,0.1,2.8,1,107.2,107.8,-0.6,0.484,0.084,0.044,0.118,10.2,1.41,0.168,0.071,445,94,271,508,262,236,291,540,312,396,302,418
1642285,Cam Spencer,Cam,1610612763,26.0,72,23,49,0.319,23.8,0.449,0.6,2.0,2.5,5.6,1.3,0.7,0.2,11.1,1,112.4,116.0,-3.6,0.649,0.051,0.022,0.082,8.5,4.3,0.166,0.12,261,425,345,71,491,448,477,312,172,17,317,98
1630560,Cam Thomas,Cam,1610612749,24.0,42,12,30,0.286,21.0,0.31,0.3,1.4,1.7,2.6,1.8,0.2,0.1,13.5,2,111.7,123.8,-12.1,0.53,0.041,0.012,0.071,10.4,1.46,0.295,0.089,289,556,511,435,548,537,524,568,329,388,21,285
1641715,Cam Whitmore,Cam,1610612764,21.0,21,3,18,0.143,16.9,0.286,0.9,1.9,2.8,0.7,0.9,0.7,0.4,9.2,1,104.4,124.0,-19.6,0.528,0.075,0.049,0.102,8.4,0.83,0.225,0.082,500,558,555,438,305,212,357,52,167,533,106,338
1629661,Cameron Johnson,Cameron,1610612743,30.0,54,37,17,0.685,30.5,0.43,0.8,3.0,3.8,2.4,0.9,0.7,0.4,12.2,1,124.2,114.7,9.5,0.629,0.063,0.027,0.095,6.7,2.81,0.144,0.075,11,373,55,102,400,394,401,329,77,82,409,392
1626166,Cameron Payne,Cameron,1610612755,31.0,22,12,10,0.545,17.0,0.33,0.1,1.9,2.0,2.6,0.5,1.1,0.3,7.4,1,105.5,113.6,-8.1,0.514,0.055,0.007,0.103,4.8,5.27,0.183,0.096,485,322,440,479,464,559,355,95,40,7,228,225
1627747,Caris LeVert,Caris,1610612765,31.0,60,44,16,0.733,19.2,0.333,0.4,1.6,2.0,2.7,1.4,0.9,0.7,7.4,1,108.6,107.7,0.8,0.518,0.047,0.018,0.074,12.3,1.94,0.178,0.081,406,93,232,467,530,480,512,347,464,233,256,346
1642868,Carter Bryant,Carter,1610612759,20.0,71,56,15,0.789,11.5,0.335,0.5,2.0,2.5,0.7,0.5,0.2,0.3,4.2,1,109.1,108.4,0.8,0.526,0.1,0.044,0.154,9.1,1.42,0.158,0.071,391,110,234,442,176,236,152,269,212,392,357,422
1641717,Cason Wallace,Cason,1610612760,22.0,77,61,16,0.792,26.6,0.351,0.8,2.3,3.1,2.6,0.9,1.9,0.4,8.6,1,116.2,103.8,12.4,0.538,0.056,0.031,0.079,8.2,2.74,0.141,0.076,115,44,34,413,452,350,491,291,156,92,432,381
1642907,Cedric Coward,Cedric,1610612763,22.0,62,20,42,0.323,25.8,0.338,1.3,4.5,5.9,2.8,1.7,0.6,0.4,13.6,1,113.8,113.5,0.3,0.585,0.106,0.05,0.16,10.6,1.63,0.207,0.11,197,311,241,245,152,209,134,112,340,322,148,145
1643052,Chaney Johnson,Chaney,1610612751,24.0,17,4,13,0.235,20.4,0.3,1.9,2.7,4.6,2.1,1.2,0.9,0.5,8.2,1,107.0,116.0,-9.0,0.635,0.12,0.096,0.146,12.0,1.8,0.16,0.099,455,424,458,89,109,78,177,334,456,268,346,208
1629646,Charles Bassey,Charles,1610612744,25.0,13,4,9,0.308,11.7,0.0,1.8,2.6,4.4,0.5,0.5,0.3,0.8,5.8,4,107.2,120.1,-13.0,0.681,0.184,0.139,0.236,8.8,1.17,0.161,0.136,448,513,520,37,19,20,23,341,192,465,342,58
1642404,Chaz Lanier,Chaz,1610612765,24.0,34,28,6,0.824,7.7,0.284,0.2,0.4,0.7,0.5,0.1,0.2,0.0,2.4,1,107.7,105.7,2.0,0.436,0.042,0.029,0.055,2.7,5.67,0.147,0.045,428,61,203,544,546,372,555,247,23,4,403,542
1631096,Chet Holmgren,Chet,1610612760,24.0,69,56,13,0.812,28.9,0.362,1.9,7.0,8.9,1.7,1.6,0.6,1.9,17.1,1,118.4,102.3,16.1,0.653,0.149,0.067,0.221,9.5,1.07,0.214,0.154,66,28,21,65,56,144,38,348,255,483,129,22
1628449,Chris Boucher,Chris,1610612738,33.0,9,4,5,0.444,10.5,0.133,0.2,1.8,2.0,0.3,0.1,0.6,0.8,2.3,1,114.3,109.9,4.4,0.392,0.086,0.019,0.151,3.2,3.0,0.128,0.04,173,153,131,563,249,464,161,559,26,59,490,549
1641753,Chris Livingston,Chris,1610612739,22.0,3,2,1,0.667,5.8,0.0,0.0,1.0,1.0,0.3,0.0,0.3,0.0,3.0,1,113.9,86.8,27.0,0.605,0.1,0.0,0.176,0.0,0.0,0.189,0.104,189,6,4,173,177,565,101,279,1,560,205,180
1643024,Chris Manon,Chris,1610612747,24.0,9,4,5,0.444,5.1,0.0,0.2,0.9,1.1,0.3,0.1,0.6,0.2,0.8,1,105.2,108.4,-3.3,0.451,0.096,0.043,0.14,8.3,3.0,0.081,0.086,492,114,334,539,198,246,192,427,161,59,577,307
101108,Chris Paul,Chris,1610612746,41.0,16,4,12,0.25,14.2,0.333,0.4,1.4,1.8,3.3,1.0,0.7,0.0,2.9,1,99.4,116.6,-17.3,0.413,0.062,0.026,0.101,12.8,3.31,0.135,0.064,541,441,547,557,404,408,361,495,492,40,464,463
1642959,Chris Youngblood,Chris,1610612757,24.0,34,29,5,0.853,5.4,0.333,0.2,0.6,0.8,0.4,0.1,0.1,0.1,2.1,2,106.6,104.3,2.3,0.527,0.07,0.039,0.095,2.5,6.0,0.162,0.059,463,47,192,440,346,277,397,306,22,2,331,491
1631128,Christian Braun,Christian,1610612743,25.0,44,29,15,0.659,31.8,0.301,1.4,3.4,4.8,2.7,1.0,0.7,0.3,12.0,1,124.2,114.1,10.1,0.607,0.075,0.046,0.101,7.2,2.79,0.142,0.076,12,349,51,168,310,228,363,328,96,83,420,386
1631132,Christian Koloko,Christian,1610612737,26.0,27,16,11,0.593,13.2,0.111,1.1,1.9,3.0,0.7,0.6,0.5,0.9,2.7,3,106.9,108.2,-1.3,0.453,0.103,0.08,0.125,13.9,1.13,0.109,0.046,458,104,286,537,166,103,261,84,514,471,536,539
1642935,Chucky Hepburn,Chucky,1610612761,23.0,2,0,2,0.0,6.6,0.0,0.0,0.5,0.5,1.0,0.5,0.5,0.0,0.0,1,73.1,120.7,-47.6,0.0,0.029,0.0,0.067,11.1,2.0,0.219,-0.1,579,527,577,579,572,565,539,438,396,207,122,582
203991,Clint Capela,Clint,1610612745,32.0,75,47,28,0.627,12.3,0.5,2.1,2.5,4.6,0.7,0.5,0.5,0.8,3.8,1,113.1,105.1,8.0,0.54,0.169,0.158,0.181,11.5,1.22,0.133,0.11,233,55,68,408,34,6,92,496,430,455,474,148
1629632,Coby White,Coby,1610612766,26.0,50,29,21,0.58,25.0,0.362,0.3,3.1,3.4,4.0,2.6,0.5,0.1,17.4,2,117.2,114.0,3.2,0.595,0.064,0.013,0.113,12.1,1.56,0.283,0.112,92,344,165,203,389,522,312,302,462,348,29,138
1628998,Cody Martin,Cody,1610612754,30.0,4,0,4,0.0,13.8,0.0,0.3,3.3,3.5,0.5,1.0,1.0,0.5,1.8,1,79.0,99.2,-20.2,0.277,0.094,0.013,0.183,21.1,0.5,0.119,0.045,577,17,556,573,210,528,85,73,569,551,513,543
1642262,Cody Williams,Cody,1610612762,21.0,67,16,51,0.239,24.3,0.214,0.9,2.0,3.0,2.0,1.1,0.8,0.4,8.8,1,110.9,121.4,-10.6,0.524,0.059,0.036,0.084,9.4,1.88,0.159,0.057,319,538,488,453,424,301,462,79,251,247,354,502
1641732,Colby Jones,Colby,1610612765,24.0,1,0,1,0.0,6.8,0.0,0.0,4.0,4.0,2.0,0.0,0.0,0.0,2.0,1,133.3,53.3,80.0,0.333,0.222,0.0,0.4,0.0,0.0,0.158,0.256,1,1,1,570,2,565,2,62,1,560,358,1
1630175,Cole Anthony,Cole,1610612749,26.0,35,12,23,0.343,15.0,0.306,0.5,2.0,2.5,3.5,1.9,0.6,0.3,6.7,1,103.4,113.1,-9.7,0.483,0.078,0.029,0.126,15.2,1.86,0.244,0.082,509,299,472,511,287,375,253,275,537,251,72,333
1630658,Colin Castleton,Colin,1610612753,26.0,4,3,1,0.75,5.3,0.0,0.5,1.5,2.0,0.3,0.5,0.3,0.0,1.3,1,116.3,102.3,14.0,0.46,0.216,0.105,0.333,25.0,0.5,0.14,0.098,112,29,25,530,4,57,3,570,576,551,439,218
1631221,Collin Gillespie,Collin,1610612756,27.0,80,43,37,0.538,28.5,0.401,1.1,3.0,4.1,4.6,1.6,1.2,0.2,12.7,1,113.7,110.0,3.7,0.575,0.07,0.036,0.107,9.1,2.97,0.181,0.108,202,158,148,281,347,297,340,451,220,70,235,161
1642867,Collin Murray-Boyles,Collin,1610612761,21.0,57,31,26,0.544,21.9,0.34,2.3,2.7,5.0,1.9,1.0,0.9,0.9,8.5,1,111.7,109.1,2.6,0.621,0.112,0.102,0.121,10.6,1.8,0.15,0.098,291,131,184,120,134,64,274,450,350,271,392,221
1629012,Collin Sexton,Collin,1610612741,27.0,68,25,43,0.368,23.7,0.401,0.6,1.7,2.3,3.3,2.1,1.1,0.1,15.4,2,110.5,113.6,-3.0,0.615,0.045,0.024,0.065,11.6,1.58,0.248,0.113,335,318,328,135,533,420,544,187,434,336,66,132
1642843,Cooper Flagg,Cooper,1610612742,19.0,70,22,48,0.314,33.5,0.295,1.2,5.4,6.7,4.5,2.3,1.2,0.9,21.0,1,109.5,114.7,-5.2,0.548,0.093,0.035,0.151,8.9,1.96,0.264,0.128,376,370,387,382,215,306,162,201,196,226,43,74
1630557,Corey Kispert,Corey,1610612737,27.0,58,27,31,0.466,18.6,0.367,0.5,1.8,2.3,1.6,0.8,0.3,0.2,9.2,2,108.9,115.9,-7.0,0.609,0.056,0.022,0.091,7.9,2.04,0.179,0.088,396,420,420,158,451,438,423,120,135,193,250,289
1642504,Cormac Ryan,Cormac,1610612749,27.0,11,2,9,0.182,24.6,0.458,0.7,1.8,2.5,1.7,1.5,1.0,0.3,14.3,1,116.0,119.0,-3.1,0.692,0.055,0.032,0.078,11.5,1.12,0.206,0.104,124,501,329,28,459,336,497,566,426,472,149,182
1641854,Craig Porter Jr.,Craig,1610612739,26.0,64,43,21,0.672,17.9,0.355,1.3,2.1,3.4,3.2,0.9,0.9,0.6,4.5,1,116.2,111.6,4.6,0.524,0.092,0.07,0.115,10.9,3.47,0.119,0.092,116,235,125,451,217,130,307,272,382,32,515,262
1642938,Curtis Jones,Curtis,1610612743,24.0,10,8,2,0.8,8.8,0.333,0.2,0.9,1.1,1.0,0.2,0.4,0.0,2.9,1,117.9,104.4,13.6,0.52,0.053,0.022,0.077,5.0,5.0,0.142,0.075,76,48,26,461,475,436,503,400,42,8,429,390
1626156,D'Angelo Russell,D'Angelo,1610612764,30.0,26,9,17,0.346,19.0,0.295,0.3,2.0,2.3,4.0,1.9,0.5,0.1,10.2,1,107.9,111.3,-3.4,0.511,0.057,0.016,0.092,11.9,2.12,0.261,0.098,424,220,339,482,444,496,417,128,449,178,48,219
1629610,DaQuan Jeffries,DaQuan,1610612758,28.0,3,0,3,0.0,20.0,0.444,1.0,0.7,1.7,0.3,0.0,0.7,0.0,10.3,1,121.5,120.7,0.8,0.731,0.041,0.042,0.038,0.0,0.0,0.141,0.078,25,526,231,16,550,248,569,561,1,560,436,365
1641747,DaRon Holmes II,DaRon,1610612743,23.0,25,17,8,0.68,8.4,0.444,0.3,1.1,1.4,0.6,0.5,0.0,0.2,3.7,1,107.9,110.9,-3.0,0.692,0.08,0.04,0.113,12.6,1.33,0.171,0.095,423,202,324,27,279,269,313,569,482,421,289,235
1631342,Daeqwon Plowden,Daeqwon,1610612758,27.0,32,9,23,0.281,26.4,0.333,1.0,2.0,3.0,1.3,0.8,0.7,0.2,10.8,1,111.2,122.1,-10.9,0.572,0.057,0.037,0.08,7.2,1.58,0.157,0.057,306,542,494,300,445,294,489,358,95,339,365,503
1630625,Dalano Banton,Dalano,1610612738,26.0,6,4,2,0.667,10.3,0.0,0.3,0.5,0.8,1.8,1.3,0.3,0.8,2.0,2,110.0,114.3,-4.3,0.436,0.039,0.034,0.043,24.2,1.38,0.152,0.051,360,357,360,545,554,310,567,241,575,409,387,527
1631207,Dalen Terry,Dalen,1610612755,23.0,48,22,26,0.458,11.5,0.364,0.5,1.3,1.8,1.4,0.5,0.6,0.3,3.7,2,106.8,109.7,-2.9,0.523,0.069,0.041,0.099,10.1,2.54,0.139,0.076,462,142,322,454,353,262,374,83,299,116,442,384
1642261,Dalton Knecht,Dalton,1610612747,25.0,54,34,20,0.63,10.2,0.342,0.3,1.1,1.4,0.4,0.4,0.2,0.2,4.2,1,105.2,113.7,-8.5,0.568,0.068,0.026,0.108,9.4,0.91,0.171,0.069,489,331,446,315,357,404,337,387,245,519,285,430
1629655,Daniel Gafford,Daniel,1610612742,27.0,55,12,43,0.218,21.7,0.0,2.5,4.4,6.9,1.1,1.1,0.8,1.3,9.5,1,105.9,113.0,-7.1,0.677,0.145,0.108,0.181,12.5,0.92,0.151,0.114,476,288,422,40,61,54,91,96,474,518,388,120
1642450,Daniss Jenkins,Daniss,1610612765,24.0,72,54,18,0.75,20.2,0.374,0.7,1.6,2.3,3.9,1.6,0.9,0.2,9.3,1,113.2,106.6,6.6,0.525,0.055,0.034,0.077,11.1,2.42,0.209,0.1,225,79,86,447,457,309,506,332,396,135,147,204
1642874,Danny Wolf,Danny,1610612751,22.0,57,14,43,0.246,20.8,0.322,1.0,3.9,4.9,2.2,1.3,0.5,0.6,8.9,1,102.9,111.9,-9.0,0.521,0.117,0.046,0.195,10.6,1.74,0.201,0.096,518,244,459,460,121,230,64,520,342,287,162,228
203967,Dario Saric,Dario,1610612758,32.0,5,1,4,0.2,8.2,0.333,0.2,1.0,1.2,0.4,0.4,0.0,0.0,1.0,1,104.7,104.7,0.0,0.363,0.078,0.03,0.114,18.2,1.0,0.1,0.015,496,53,255,566,289,353,310,482,558,496,560,568
1641727,Dariq Whitehead,Dariq,1610612763,21.0,6,0,6,0.0,30.5,0.317,0.3,3.7,4.0,1.5,1.7,0.7,0.0,16.3,1,102.5,126.5,-24.1,0.51,0.059,0.009,0.12,8.7,0.9,0.231,0.062,524,563,563,484,430,551,280,39,183,524,90,473
1642468,Darius Brown II,Darius,1610612739,26.0,1,1,0,1.0,2.7,0.0,0.0,1.0,1.0,0.0,0.0,0.0,0.0,0.0,1,100.0,180.0,-80.0,0.0,0.25,0.0,1.0,0.0,0.0,0.167,0.0,535,582,580,579,1,565,1,582,1,560,310,573
1629636,Darius Garland,Darius,1610612746,26.0,45,26,19,0.578,29.9,0.396,0.4,2.0,2.4,6.7,2.9,1.0,0.2,18.8,2,117.9,115.2,2.6,0.582,0.039,0.013,0.063,11.2,2.32,0.266,0.112,79,396,183,254,555,521,548,286,408,151,39,136
1642357,David Jones Garcia,David,1610612759,24.0,11,7,4,0.636,6.2,0.6,0.4,0.8,1.2,1.6,0.5,0.5,0.1,2.9,1,123.1,100.0,23.1,0.579,0.1,0.06,0.143,10.0,3.6,0.18,0.133,17,20,7,265,177,161,185,14,290,30,244,65
1631223,David Roddy,David,1610612743,25.0,5,4,1,0.8,14.6,0.273,1.6,2.4,4.0,0.8,0.4,0.8,0.2,8.0,1,113.8,110.7,3.1,0.605,0.117,0.105,0.126,5.1,2.0,0.191,0.128,193,191,168,176,122,57,254,101,44,207,199,75
1630558,Davion Mitchell,Davion,1610612748,27.0,70,37,33,0.529,28.6,0.395,0.5,2.2,2.7,6.5,1.5,1.0,0.2,9.3,1,117.2,113.0,4.2,0.582,0.044,0.015,0.072,9.6,4.19,0.137,0.083,91,290,134,253,540,505,523,134,267,18,448,330
1630549,Day'Ron Sharpe,Day'Ron,1610612751,24.0,62,17,45,0.274,18.7,0.231,2.8,3.9,6.7,2.3,1.7,1.1,0.4,8.7,1,107.3,111.7,-4.3,0.638,0.18,0.143,0.222,15.7,1.37,0.19,0.141,438,236,362,80,23,17,36,486,542,412,202,45
1628368,De'Aaron Fox,De'Aaron,1610612759,28.0,72,55,17,0.764,31.0,0.332,0.6,3.2,3.8,6.2,2.3,1.2,0.3,18.6,1,118.8,108.9,9.9,0.578,0.056,0.018,0.092,9.3,2.71,0.242,0.117,57,122,53,268,449,481,421,151,232,96,76,111
1629631,De'Andre Hunter,De'Andre,1610612758,28.0,45,24,21,0.533,26.1,0.305,0.7,3.4,4.1,2.0,1.7,0.7,0.1,13.7,2,114.1,115.0,-0.9,0.545,0.074,0.023,0.127,10.3,1.2,0.218,0.077,181,386,277,389,320,429,247,169,322,460,124,374
1629001,De'Anthony Melton,De'Anthony,1610612744,28.0,49,22,27,0.449,23.0,0.294,0.8,2.4,3.2,2.6,1.9,1.6,0.4,12.3,1,114.3,110.4,3.9,0.518,0.07,0.033,0.108,11.4,1.37,0.244,0.09,173,173,143,465,351,321,333,318,424,410,73,280
201599,DeAndre Jordan,DeAndre,1610612740,37.0,12,6,6,0.5,16.6,0.0,2.2,4.2,6.3,0.9,0.8,0.3,0.8,4.4,1,110.0,112.3,-2.4,0.671,0.18,0.124,0.234,15.3,1.22,0.098,0.119,362,263,312,46,25,33,26,382,538,451,562,100
1630610,DeJon Jarreau,DeJon,1610612763,28.0,11,2,9,0.182,21.0,0.133,1.1,3.5,4.6,3.3,2.4,0.9,0.7,8.0,1,99.2,122.2,-23.0,0.473,0.105,0.046,0.174,16.8,1.38,0.211,0.073,542,544,562,520,156,226,105,184,551,405,139,404
201942,DeMar DeRozan,DeMar,1610612758,36.0,77,20,57,0.26,31.2,0.32,0.5,2.5,2.9,4.1,1.2,1.0,0.3,18.4,1,110.6,122.3,-11.7,0.594,0.047,0.015,0.081,6.0,3.29,0.222,0.111,328,545,506,210,518,507,479,337,58,42,113,140
1629731,Dean Wade,Dean,1610612739,29.0,59,36,23,0.61,22.3,0.362,0.9,3.3,4.2,1.5,0.3,0.7,0.4,5.8,1,117.2,110.9,6.2,0.58,0.09,0.039,0.139,4.0,5.5,0.097,0.074,93,205,92,260,230,282,199,290,31,6,564,395
1629028,Deandre Ayton,Deandre,1610612747,27.0,72,46,26,0.639,27.2,0.0,2.6,5.4,8.0,0.8,1.2,0.6,1.0,12.5,1,115.6,115.5,0.1,0.676,0.154,0.103,0.2,10.3,0.71,0.164,0.117,131,407,250,41,48,62,57,443,316,539,324,107
1627749,Dejounte Murray,Dejounte,1610612740,29.0,14,5,9,0.357,27.8,0.306,0.3,5.1,5.4,6.4,3.4,1.6,0.2,16.7,1,116.2,114.9,1.3,0.58,0.101,0.011,0.188,14.1,1.89,0.267,0.138,117,382,221,262,175,545,77,372,520,245,38,54
1630166,Deni Avdija,Deni,1610612757,25.0,66,35,31,0.53,33.3,0.318,1.1,5.8,6.9,6.7,3.8,0.8,0.6,24.2,1,115.7,115.4,0.3,0.6,0.098,0.031,0.167,12.5,1.75,0.285,0.149,130,404,243,188,191,345,119,209,480,285,28,33
203471,Dennis Schroder,Dennis,1610612739,32.0,70,29,41,0.414,24.2,0.329,0.5,2.2,2.7,4.9,1.8,0.8,0.2,10.8,2,110.8,117.0,-6.2,0.526,0.054,0.019,0.089,10.5,2.75,0.21,0.094,320,452,400,443,466,469,434,415,336,87,141,238
1641726,Dereck Lively II,Dereck,1610612742,22.0,7,3,4,0.429,16.5,0.0,2.0,3.3,5.3,1.9,1.4,0.6,1.6,4.3,1,108.6,102.3,6.3,0.67,0.15,0.117,0.183,21.7,1.3,0.113,0.094,404,29,90,48,53,42,88,31,571,429,527,243
1642852,Derik Queen,Derik,1610612740,21.0,81,26,55,0.321,25.0,0.261,1.7,5.4,7.1,3.7,2.3,1.0,0.9,11.7,1,112.7,119.4,-6.7,0.546,0.136,0.065,0.207,14.0,1.57,0.214,0.109,247,505,415,385,77,149,48,173,518,345,132,149
1627884,Derrick Jones Jr.,Derrick,1610612746,29.0,50,26,24,0.52,27.0,0.359,1.2,2.2,3.5,1.4,0.8,0.9,1.0,10.1,1,117.9,113.8,4.0,0.6,0.065,0.047,0.082,7.7,1.73,0.144,0.072,80,334,138,185,384,220,475,471,117,289,407,414
1628401,Derrick White,Derrick,1610612738,31.0,77,52,25,0.675,34.1,0.327,1.1,3.3,4.4,5.4,1.7,1.1,1.3,16.5,1,119.3,108.0,11.3,0.529,0.061,0.032,0.09,7.7,3.09,0.216,0.109,49,101,46,437,417,340,429,571,123,54,128,156
1630217,Desmond Bane,Desmond,1610612753,28.0,82,45,37,0.549,33.6,0.391,1.2,2.9,4.1,4.1,2.0,1.0,0.5,20.1,1,113.6,111.5,2.2,0.607,0.059,0.034,0.084,8.9,2.06,0.224,0.111,204,227,197,169,426,307,463,259,200,189,107,139
1626164,Devin Booker,Devin,1610612756,29.0,64,37,27,0.578,33.5,0.33,0.8,3.1,3.9,6.0,3.1,0.8,0.3,26.1,1,115.9,112.0,3.9,0.585,0.055,0.021,0.091,10.1,1.92,0.307,0.142,127,250,145,246,456,452,424,378,296,237,16,44
1642269,Devin Carter,Devin,1610612758,24.0,38,8,30,0.211,18.4,0.263,0.9,2.3,3.3,2.7,1.4,0.9,0.2,8.9,1,111.0,118.3,-7.3,0.508,0.088,0.048,0.13,11.1,1.87,0.226,0.094,313,487,424,486,242,214,237,375,393,248,100,241
1630170,Devin Vassell,Devin,1610612759,25.0,67,52,15,0.776,30.5,0.384,0.6,3.4,4.0,2.5,0.9,0.9,0.4,13.9,1,121.3,109.9,11.4,0.574,0.063,0.019,0.102,5.8,2.78,0.176,0.087,28,149,45,290,399,468,358,317,51,84,270,297
1628415,Dillon Brooks,Dillon,1610612756,30.0,56,32,24,0.571,30.4,0.344,0.8,2.9,3.6,1.8,1.8,1.0,0.2,20.2,1,113.7,114.8,-1.1,0.54,0.058,0.024,0.094,7.9,1.01,0.279,0.088,200,379,282,406,433,421,402,391,134,495,30,288
1641794,Dillon Jones,Dillon,1610612752,24.0,7,5,2,0.714,5.6,0.2,0.3,0.7,1.0,0.6,0.0,0.4,0.0,1.3,1,114.0,109.8,4.2,0.418,0.091,0.05,0.135,0.0,0.0,0.111,0.053,184,146,133,552,226,208,217,243,1,560,535,515
1627734,Domantas Sabonis,Domantas,1610612758,30.0,19,3,16,0.158,29.7,0.185,3.4,8.0,11.4,4.1,2.7,0.9,0.2,15.8,1,110.0,123.9,-13.9,0.59,0.191,0.108,0.283,13.3,1.53,0.223,0.131,359,557,531,220,12,53,5,234,506,362,111,67
1631230,Dominick Barlow,Dominick,1610612755,23.0,71,40,31,0.563,23.8,0.256,1.9,2.9,4.8,1.2,0.8,0.9,0.7,7.7,1,112.7,111.9,0.8,0.597,0.096,0.075,0.118,9.4,1.55,0.125,0.078,246,245,233,198,195,112,292,339,246,353,498,369
1642270,Donovan Clingan,Donovan,1610612757,22.0,77,41,36,0.532,27.2,0.341,4.5,7.1,11.6,2.1,1.2,0.6,1.7,12.1,1,113.9,113.8,0.1,0.604,0.199,0.149,0.254,9.2,1.71,0.163,0.139,186,333,251,179,8,11,12,283,227,296,328,49
1628378,Donovan Mitchell,Donovan,1610612739,29.0,70,45,25,0.643,33.5,0.364,0.7,3.8,4.5,5.7,2.8,1.5,0.3,27.9,1,119.3,112.1,7.2,0.613,0.065,0.021,0.108,9.1,2.01,0.311,0.152,51,253,79,140,381,451,336,190,216,206,12,26
1628978,Donte DiVincenzo,Donte,1610612750,29.0,82,49,33,0.598,30.4,0.379,0.8,3.3,4.1,3.8,1.4,1.3,0.4,12.2,1,116.3,110.0,6.2,0.567,0.064,0.026,0.1,9.0,2.65,0.164,0.084,113,160,91,320,388,400,368,268,207,107,323,319
1627827,Dorian Finney-Smith,Dorian,1610612745,33.0,37,23,14,0.622,16.8,0.27,0.9,1.6,2.5,1.0,0.6,0.4,0.2,3.3,1,109.4,107.6,1.8,0.452,0.071,0.054,0.087,11.3,1.64,0.104,0.034,380,92,207,538,341,187,442,465,417,318,549,556
203926,Doug McDermott,Doug,1610612758,34.0,29,8,21,0.276,15.1,0.39,0.2,1.0,1.3,0.8,0.4,0.2,0.1,5.7,1,104.2,115.3,-11.1,0.574,0.04,0.014,0.068,7.3,1.69,0.146,0.055,501,399,499,291,553,508,536,319,101,302,405,511
1642962,Drake Powell,Drake,1610612751,20.0,63,16,47,0.254,20.9,0.28,0.3,1.4,1.8,1.4,1.0,0.6,0.2,6.5,1,100.3,116.3,-16.1,0.521,0.042,0.016,0.07,11.0,1.52,0.149,0.053,533,434,543,459,545,499,531,501,392,369,396,518
203110,Draymond Green,Draymond,1610612744,36.0,68,31,37,0.456,27.5,0.326,0.8,4.7,5.5,5.5,2.7,0.9,0.6,8.4,1,109.4,113.6,-4.3,0.54,0.098,0.029,0.168,16.7,2.08,0.158,0.084,382,321,359,405,190,380,118,295,550,185,361,323
1629234,Drew Eubanks,Drew,1610612758,29.0,42,10,32,0.238,13.1,0.143,0.9,2.1,3.0,0.5,0.7,0.4,0.6,5.2,1,106.4,117.8,-11.4,0.605,0.112,0.069,0.154,13.0,0.63,0.161,0.082,467,476,502,175,135,138,153,262,501,543,341,335
1641809,Drew Peterson,Drew,1610612766,26.0,6,1,5,0.167,10.7,0.0,0.5,1.0,1.5,0.3,0.0,0.5,0.2,0.8,1,103.1,110.7,-7.6,0.148,0.069,0.041,0.107,0.0,0.0,0.108,0.0,515,190,433,577,354,266,341,534,1,560,538,573
1631166,Drew Timme,Drew,1610612747,25.0,27,18,9,0.667,8.7,0.44,0.4,0.9,1.2,0.9,0.5,0.2,0.0,3.4,1,108.1,115.0,-6.9,0.658,0.072,0.047,0.093,12.3,1.77,0.155,0.084,420,387,419,61,338,221,411,543,463,275,372,318
1630696,Dru Smith,Dru,1610612748,28.0,70,38,32,0.543,16.3,0.295,0.9,1.6,2.5,2.6,0.8,1.4,0.3,5.6,1,107.1,110.3,-3.2,0.532,0.066,0.047,0.085,9.1,3.27,0.142,0.091,449,171,331,428,374,218,453,30,217,43,419,267
1629130,Duncan Robinson,Duncan,1610612765,32.0,77,58,19,0.753,27.4,0.41,0.4,2.3,2.7,2.1,0.7,0.6,0.3,12.2,1,120.8,109.5,11.3,0.629,0.047,0.014,0.08,5.7,2.94,0.152,0.078,29,138,47,104,523,516,490,340,48,72,385,368
1641871,Duop Reath,Duop,1610612757,30.0,32,16,16,0.5,8.1,0.418,0.3,0.9,1.2,0.3,0.2,0.2,0.3,2.9,1,103.0,109.4,-6.4,0.613,0.067,0.037,0.095,7.5,1.43,0.13,0.067,516,136,405,138,365,293,400,106,112,391,484,449
203939,Dwight Powell,Dwight,1610612742,34.0,63,19,44,0.302,14.4,0.286,1.5,2.6,4.1,1.1,0.7,0.5,0.3,3.3,1,110.4,110.9,-0.5,0.699,0.136,0.101,0.17,16.0,1.66,0.084,0.073,341,201,269,24,78,67,113,98,545,314,574,404
1642928,Dylan Cardwell,Dylan,1610612758,24.0,44,13,31,0.295,20.6,0.5,3.3,4.2,7.5,1.4,0.9,0.7,1.5,5.4,1,108.6,111.1,-2.5,0.591,0.174,0.148,0.202,12.9,1.59,0.108,0.089,405,216,315,219,29,12,54,412,494,330,541,282
1642844,Dylan Harper,Dylan,1610612759,20.0,69,53,16,0.768,22.6,0.343,0.8,2.6,3.4,3.9,1.4,0.8,0.3,11.8,1,116.9,107.4,9.5,0.574,0.07,0.033,0.106,9.3,2.69,0.211,0.113,102,90,57,287,349,323,348,316,230,99,140,127
1630700,Dyson Daniels,Dyson,1610612737,23.0,76,44,32,0.579,33.2,0.188,2.4,4.4,6.8,5.9,1.8,2.0,0.4,11.9,1,116.8,110.6,6.2,0.542,0.1,0.071,0.129,9.6,3.33,0.157,0.106,106,184,93,398,179,127,241,185,261,39,362,171
1630604,E.J. Liddell,E.J.,1610612751,25.0,26,5,21,0.192,13.4,0.346,0.5,2.1,2.7,0.9,0.6,0.2,0.4,5.7,1,108.1,114.6,-6.5,0.6,0.102,0.039,0.174,9.3,1.6,0.168,0.087,419,368,410,184,169,286,106,453,238,325,303,294
1642856,Egor Demin,Egor,1610612751,20.0,52,14,38,0.269,25.2,0.385,0.4,2.8,3.2,3.3,1.7,0.8,0.3,10.3,1,109.5,115.4,-5.9,0.561,0.063,0.015,0.116,11.7,2.01,0.182,0.081,373,406,398,345,396,504,301,469,438,204,232,343
1641989,Elijah Harkless,Elijah,1610612762,26.0,26,5,21,0.192,21.0,0.239,0.4,1.7,2.0,2.9,1.0,1.2,0.2,6.8,1,113.5,116.0,-2.5,0.471,0.047,0.018,0.077,8.9,2.88,0.162,0.055,211,427,316,521,521,484,500,143,201,75,333,509
1641801,Emanuel Miller,Emanuel,1610612759,26.0,5,0,5,0.0,6.6,0.333,0.2,0.4,0.6,0.8,0.0,0.4,0.0,3.0,1,88.9,116.9,-28.0,0.54,0.048,0.026,0.083,0.0,0.0,0.169,0.093,567,450,565,403,517,408,467,140,1,560,299,247
1642402,Enrique Freeman,Enrique,1610612750,25.0,4,3,1,0.75,9.3,0.5,0.5,2.0,2.5,0.5,0.5,0.5,0.8,3.3,1,127.8,103.6,24.2,0.666,0.119,0.053,0.174,14.3,1.0,0.113,0.091,7,42,6,54,111,193,107,6,522,496,528,270
201569,Eric Gordon,Eric,1610612755,37.0,6,3,3,0.5,12.3,0.571,0.2,0.2,0.3,0.5,0.5,0.7,0.2,5.5,1,102.6,120.1,-17.6,0.754,0.013,0.013,0.014,10.7,1.0,0.137,0.083,522,514,550,12,577,522,576,232,360,496,449,331
1630679,Ethan Thompson,Ethan,1610612754,27.0,32,8,24,0.25,20.4,0.328,0.5,1.6,2.2,1.8,0.8,0.6,0.3,7.0,1,109.8,109.9,-0.1,0.515,0.051,0.025,0.078,8.4,2.28,0.154,0.051,366,151,258,475,489,415,498,285,169,157,374,526
1630596,Evan Mobley,Evan,1610612739,25.0,65,40,25,0.615,31.9,0.297,2.4,6.6,9.0,3.6,1.9,0.7,1.7,18.2,1,117.0,111.3,5.7,0.596,0.135,0.073,0.196,9.1,1.92,0.221,0.135,97,223,107,200,79,118,62,281,211,238,117,60
1630532,Franz Wagner,Franz,1610612753,24.0,34,20,14,0.588,30.0,0.345,1.3,3.9,5.2,3.3,1.7,0.9,0.3,20.6,1,114.2,110.6,3.6,0.588,0.084,0.041,0.128,7.6,1.95,0.256,0.134,177,186,152,229,255,260,242,86,116,230,55,62
1641713,GG Jackson,GG,1610612763,21.0,55,16,39,0.291,21.4,0.332,0.9,3.4,4.3,1.5,1.5,0.6,0.8,12.5,1,114.0,117.5,-3.5,0.591,0.097,0.04,0.154,11.4,0.95,0.23,0.108,182,468,340,218,194,272,151,207,421,514,93,162
1629216,Gabe Vincent,Gabe,1610612737,30.0,53,36,17,0.679,16.6,0.341,0.3,0.7,1.0,1.4,0.5,0.5,0.1,4.4,2,117.3,116.0,1.3,0.511,0.03,0.02,0.041,8.2,2.81,0.119,0.033,90,422,219,483,571,463,568,278,158,81,514,557
202066,Garrett Temple,Garrett,1610612761,40.0,22,10,12,0.455,3.3,0.25,0.0,0.4,0.4,0.4,0.3,0.2,0.1,0.8,1,92.4,94.2,-1.8,0.448,0.065,0.016,0.108,20.0,1.29,0.152,0.051,562,10,296,541,380,500,334,216,563,433,386,523
1629726,Garrison Mathews,Garrison,1610612754,29.0,15,4,11,0.267,13.1,0.37,0.1,1.0,1.1,0.7,0.2,0.4,0.2,5.2,1,107.3,108.0,-0.7,0.628,0.042,0.01,0.076,4.1,3.33,0.134,0.072,439,100,273,107,547,549,507,131,32,38,470,417
203914,Gary Harris,Gary,1610612749,31.0,48,15,33,0.313,13.8,0.412,0.3,0.9,1.3,1.1,0.4,0.6,0.2,2.7,1,105.9,115.5,-9.6,0.593,0.048,0.025,0.072,10.7,2.68,0.082,0.048,478,408,470,213,512,417,521,483,361,102,575,535
1627780,Gary Payton II,Gary,1610612744,33.0,73,33,40,0.452,15.6,0.291,1.4,2.2,3.6,1.7,0.8,0.9,0.3,7.5,1,111.2,113.5,-2.3,0.632,0.113,0.084,0.143,10.0,1.98,0.177,0.114,307,309,308,96,131,91,184,215,295,221,259,122
1629018,Gary Trent Jr.,Gary,1610612749,27.0,65,24,41,0.369,21.2,0.36,0.1,0.9,1.0,1.2,0.6,0.5,0.0,8.1,1,107.9,120.4,-12.4,0.533,0.024,0.006,0.044,6.7,1.93,0.167,0.047,422,518,514,426,574,563,566,452,76,236,316,538
203507,Giannis Antetokounmpo,Giannis,1610612749,31.0,36,17,19,0.472,28.9,0.333,2.7,7.1,9.8,5.4,3.2,0.9,0.7,27.6,1,119.4,114.9,4.4,0.658,0.168,0.098,0.233,10.8,1.7,0.358,0.213,48,385,130,60,35,75,27,429,373,297,2,4
1629048,Goga Bitadze,Goga,1610612753,26.0,64,34,30,0.531,15.2,0.182,2.1,2.9,5.0,1.3,0.7,0.6,1.0,5.9,1,112.6,111.0,1.6,0.7,0.157,0.131,0.183,10.9,1.95,0.128,0.122,254,207,212,22,46,27,87,230,383,228,492,92
1641711,Gradey Dick,Gradey,1610612761,22.0,76,43,33,0.566,14.0,0.301,0.6,1.4,1.9,0.7,0.6,0.6,0.1,6.0,1,110.8,106.7,4.1,0.538,0.066,0.038,0.095,8.1,1.21,0.176,0.07,321,82,136,411,373,289,398,176,150,456,267,425
1641761,Grant Nelson,Grant,1610612751,24.0,4,0,4,0.0,8.8,0.0,0.3,1.3,1.5,1.3,1.0,0.3,1.3,4.3,1,112.7,122.5,-9.9,0.634,0.094,0.029,0.167,17.4,1.25,0.222,0.1,248,547,475,92,211,369,120,556,555,440,114,205
1629684,Grant Williams,Grant,1610612766,27.0,36,25,11,0.694,19.8,0.388,1.3,2.7,3.9,1.6,0.9,0.5,0.5,7.0,1,119.2,106.3,12.9,0.609,0.094,0.06,0.127,10.6,1.81,0.132,0.089,53,69,30,153,213,159,250,461,345,267,475,284
1628960,Grayson Allen,Grayson,1610612756,30.0,51,26,25,0.51,28.8,0.349,0.7,2.3,3.0,3.8,1.6,1.4,0.3,16.5,1,113.9,113.8,0.1,0.568,0.051,0.023,0.081,8.2,2.35,0.231,0.105,188,335,252,319,494,430,484,472,152,143,89,179
1627824,Guerschon Yabusele,Guerschon,1610612741,30.0,67,32,35,0.478,15.0,0.352,0.8,2.7,3.5,0.9,0.6,0.4,0.2,5.6,2,107.4,115.3,-7.9,0.543,0.11,0.052,0.17,9.2,1.54,0.155,0.077,437,400,435,397,145,200,114,138,224,359,371,373
1630611,Gui Santos,Gui,1610612744,24.0,68,29,39,0.426,20.5,0.351,1.1,2.8,3.9,2.3,1.5,0.9,0.3,9.2,1,111.7,110.7,1.0,0.609,0.094,0.052,0.138,13.2,1.56,0.181,0.097,284,189,227,154,208,201,204,365,505,350,240,224
203084,Harrison Barnes,Harrison,1610612759,34.0,77,57,20,0.74,25.8,0.388,0.8,2.0,2.8,1.9,0.8,0.6,0.2,9.9,1,118.4,110.6,7.8,0.608,0.051,0.03,0.071,7.3,2.43,0.144,0.075,67,182,73,166,492,362,528,301,98,133,410,391
1631127,Harrison Ingram,Harrison,1610612759,23.0,7,6,1,0.857,3.7,1.0,0.4,0.0,0.4,0.1,0.1,0.0,0.0,1.6,1,105.3,117.9,-12.6,0.917,0.075,0.125,0.0,12.5,1.0,0.104,0.086,488,478,517,1,309,32,577,142,475,496,548,306
1643060,Hayden Gray,Hayden,1610612762,23.0,1,0,1,0.0,24.8,0.0,0.0,0.0,0.0,1.0,1.0,1.0,1.0,6.0,1,103.8,132.7,-29.0,0.773,0.0,0.0,0.0,16.7,1.0,0.079,0.05,504,575,568,5,579,565,577,93,549,496,579,529
1629312,Haywood Highsmith,Haywood,1610612756,29.0,7,4,3,0.571,13.0,0.571,0.9,1.0,1.9,1.0,0.0,0.6,0.0,5.4,1,117.8,116.1,1.7,0.729,0.072,0.062,0.084,0.0,0.0,0.121,0.107,83,431,209,17,334,155,460,580,1,560,507,165
1630529,Herbert Jones,Herbert,1610612740,27.0,56,22,34,0.393,28.4,0.309,0.8,2.6,3.4,2.8,1.3,1.6,0.5,8.9,1,113.5,114.4,-0.9,0.491,0.059,0.029,0.09,9.9,2.12,0.153,0.053,213,360,278,505,428,376,425,350,286,177,382,517
1642864,Hugo Gonzalez,Hugo,1610612738,20.0,74,51,23,0.689,14.6,0.362,0.8,2.5,3.3,0.5,0.5,0.6,0.3,3.9,1,118.0,106.2,11.9,0.561,0.107,0.055,0.158,11.3,1.05,0.114,0.067,73,68,37,343,151,184,142,539,418,490,526,450
1630621,Hunter Dickinson,Hunter,1610612740,25.0,5,1,4,0.2,8.5,0.0,0.4,0.6,1.0,0.4,0.6,0.2,0.4,2.4,1,100.0,135.7,-35.7,0.403,0.049,0.036,0.063,15.0,0.67,0.162,0.01,535,576,573,559,508,299,549,13,534,541,333,572
1642282,Hunter Sallis,Hunter,1610612755,23.0,7,3,4,0.429,3.7,0.0,0.0,0.1,0.1,0.6,0.7,0.0,0.1,1.0,1,89.5,112.3,-22.8,0.595,0.017,0.0,0.034,33.3,0.8,0.169,0.024,565,259,561,204,576,565,571,42,581,535,297,563
1641816,Hunter Tyson,Hunter,1610612743,26.0,21,15,6,0.714,7.7,0.212,0.2,1.5,1.7,0.8,0.2,0.1,0.0,2.2,1,100.0,107.5,-7.5,0.398,0.102,0.024,0.174,6.3,3.4,0.166,0.065,535,91,429,560,167,426,107,497,71,33,318,461
1630193,Immanuel Quickley,Immanuel,1610612761,27.0,70,41,29,0.586,31.9,0.374,0.5,3.5,4.0,5.9,1.5,1.3,0.1,16.4,1,115.0,112.1,2.9,0.577,0.062,0.017,0.108,6.8,4.07,0.206,0.118,146,257,178,275,402,491,335,424,79,19,150,102
1642403,Isaac Jones,Isaac,1610612765,25.0,7,5,2,0.714,5.1,0.0,0.3,0.4,0.7,0.1,0.1,0.0,0.1,1.3,2,88.9,126.8,-37.9,0.514,0.069,0.053,0.088,9.1,1.0,0.119,0.036,567,564,574,478,352,193,436,573,212,496,511,555
1630171,Isaac Okoro,Isaac,1610612741,25.0,63,26,37,0.413,26.9,0.33,1.1,1.7,2.7,1.6,0.7,0.7,0.5,9.3,1,112.1,120.6,-8.5,0.574,0.049,0.04,0.058,7.0,2.17,0.137,0.05,272,525,447,283,505,271,554,181,87,173,453,529
1642268,Isaiah Collier,Isaiah,1610612762,21.0,59,16,43,0.271,25.7,0.27,0.4,2.2,2.5,7.2,2.5,1.1,0.3,11.7,1,109.4,122.6,-13.2,0.567,0.048,0.013,0.085,12.5,2.86,0.204,0.102,377,551,525,323,515,525,457,114,481,79,154,193
1642384,Isaiah Crawford,Isaiah,1610612745,24.0,14,8,6,0.571,6.6,0.231,0.2,0.9,1.1,0.4,0.3,0.1,0.2,2.0,1,97.3,103.2,-5.9,0.526,0.077,0.027,0.133,11.1,1.25,0.138,0.087,550,39,397,444,302,396,231,551,396,440,447,296
1628392,Isaiah Hartenstein,Isaiah,1610612760,28.0,47,39,8,0.83,24.2,0.0,3.2,6.3,9.4,3.5,1.7,1.0,0.8,9.2,1,118.8,103.2,15.6,0.631,0.188,0.13,0.243,13.9,2.02,0.153,0.143,58,38,23,98,13,28,20,380,516,202,377,40
1630543,Isaiah Jackson,Isaiah,1610612746,24.0,55,20,35,0.364,16.5,0.0,2.1,3.2,5.3,0.9,1.1,0.7,0.9,6.7,2,111.8,114.7,-2.9,0.653,0.155,0.12,0.19,14.8,0.9,0.152,0.104,282,369,320,64,47,38,75,267,529,526,384,181
1630198,Isaiah Joe,Isaiah,1610612760,26.0,71,56,15,0.789,21.2,0.423,0.5,2.1,2.5,1.3,0.6,0.7,0.2,11.1,1,116.9,105.2,11.7,0.657,0.057,0.022,0.09,6.2,2.09,0.178,0.099,104,56,40,62,443,447,428,321,66,181,255,207
1630587,Isaiah Livers,Isaiah,1610612756,27.0,36,21,15,0.583,9.6,0.3,0.5,1.2,1.7,0.6,0.3,0.4,0.2,1.8,1,109.4,108.3,1.1,0.469,0.083,0.05,0.116,11.8,1.75,0.094,0.05,381,109,226,524,268,207,302,307,442,284,567,531
1641815,Isaiah Stevens,Isaiah,1610612758,25.0,3,0,3,0.0,14.3,0.0,0.7,0.3,1.0,3.3,0.7,1.7,0.0,3.3,1,110.2,123.3,-13.0,0.571,0.038,0.043,0.032,9.5,5.0,0.107,0.093,347,554,521,305,556,246,572,547,257,8,542,250
1630191,Isaiah Stewart,Isaiah,1610612765,25.0,58,42,16,0.724,22.7,0.333,1.7,3.3,5.0,1.1,1.2,0.3,1.6,10.0,1,112.8,111.0,1.8,0.632,0.103,0.07,0.135,11.3,0.99,0.164,0.095,242,209,206,97,164,132,219,355,416,512,325,237
1627826,Ivica Zubac,Ivica,1610612754,29.0,48,17,31,0.354,30.1,0.0,3.4,7.2,10.6,2.2,1.8,0.4,0.8,14.1,2,115.6,117.9,-2.4,0.622,0.178,0.117,0.234,11.7,1.22,0.186,0.13,132,479,311,119,26,40,25,550,441,454,212,69
1631120,JD Davison,JD,1610612745,23.0,28,23,5,0.821,7.8,0.25,0.1,1.1,1.2,1.3,0.3,0.2,0.2,2.5,1,108.7,106.1,2.6,0.477,0.074,0.014,0.131,6.1,5.0,0.153,0.09,400,67,182,517,317,518,235,538,63,8,380,274
1629630,Ja Morant,Ja,1610612763,26.0,20,7,13,0.35,28.4,0.235,0.4,2.9,3.3,8.1,3.6,1.0,0.3,19.5,1,109.5,113.9,-4.4,0.521,0.053,0.013,0.096,11.7,2.27,0.305,0.128,374,338,369,457,477,532,389,41,439,160,18,73
1642266,Ja'Kobe Walter,Ja'Kobe,1610612761,21.0,72,41,31,0.569,20.5,0.409,0.8,1.8,2.6,1.2,0.5,1.0,0.2,7.5,1,111.6,110.7,0.9,0.61,0.062,0.037,0.088,6.5,2.32,0.136,0.069,296,196,230,151,410,295,439,370,72,146,456,442
1631095,Jabari Smith Jr.,Jabari,1610612745,23.0,77,48,29,0.623,35.1,0.363,1.4,5.5,6.9,1.9,1.4,0.7,0.9,15.8,1,117.0,112.0,5.0,0.569,0.096,0.039,0.152,8.0,1.36,0.179,0.093,99,247,121,309,202,280,157,545,143,415,247,251
1631133,Jabari Walker,Jabari,1610612755,23.0,64,36,28,0.563,11.9,0.337,1.1,1.9,3.0,0.5,0.4,0.4,0.2,4.3,1,112.8,112.8,0.0,0.568,0.12,0.087,0.156,8.9,1.26,0.142,0.073,244,277,256,314,106,87,145,229,194,439,426,411
1631210,Jacob Toppin,Jacob,1610612737,26.0,5,3,2,0.6,3.4,0.0,0.0,0.2,0.2,0.2,0.0,0.0,0.2,1.6,1,102.7,71.4,31.3,0.667,0.033,0.0,0.067,0.0,0.0,0.14,0.181,521,3,3,51,566,565,539,236,1,560,440,10
1630702,Jaden Hardy,Jaden,1610612764,23.0,57,13,44,0.228,15.8,0.397,0.3,1.2,1.5,1.0,1.1,0.3,0.1,9.2,2,112.0,116.4,-4.4,0.566,0.047,0.017,0.078,10.6,0.94,0.239,0.066,279,435,368,327,522,495,496,167,348,516,79,457
1631093,Jaden Ivey,Jaden,1610612741,24.0,37,23,14,0.622,18.1,0.373,0.6,1.8,2.5,1.8,1.1,0.6,0.4,8.5,2,110.3,108.2,2.1,0.571,0.065,0.034,0.096,10.6,1.66,0.192,0.091,342,105,199,304,386,312,387,277,347,314,195,266
1630183,Jaden McDaniels,Jaden,1610612750,25.0,73,44,29,0.603,31.7,0.412,1.0,3.2,4.2,2.7,1.8,1.1,1.0,14.8,1,115.5,112.4,3.1,0.611,0.065,0.033,0.094,10.8,1.52,0.182,0.088,135,265,170,145,387,329,404,273,367,367,230,290
1630256,Jae'Sean Tate,Jae'Sean,1610612745,30.0,46,33,13,0.717,8.8,0.313,0.7,0.9,1.6,0.5,0.3,0.2,0.1,2.8,1,107.8,111.1,-3.3,0.567,0.085,0.076,0.094,10.4,1.56,0.131,0.067,426,214,335,324,252,110,408,532,330,348,479,451
1642942,Jahmai Mashack,Jahmai,1610612763,23.0,31,10,21,0.323,21.7,0.253,0.7,1.9,2.6,2.2,1.6,1.2,0.5,6.2,1,106.2,120.7,-14.5,0.456,0.057,0.031,0.086,14.9,1.41,0.156,0.041,470,528,538,532,441,348,447,127,533,397,369,548
1642443,Jahmir Young,Jahmir,1610612748,25.0,14,10,4,0.714,4.2,0.333,0.1,0.1,0.3,0.6,0.2,0.1,0.0,1.8,1,113.5,107.9,5.6,0.483,0.029,0.028,0.031,8.1,3.0,0.178,0.048,209,96,109,510,572,383,573,7,149,59,252,536
1643141,Jahmyl Telfort,Jahmyl,1610612746,25.0,8,2,6,0.25,4.0,0.0,0.0,0.4,0.4,0.1,0.1,0.1,0.0,0.1,1,94.0,102.9,-8.9,0.087,0.047,0.0,0.088,12.5,1.0,0.093,-0.064,558,35,457,578,526,565,436,346,475,496,569,580
1631170,Jaime Jaquez Jr.,Jaime,1610612748,25.0,75,41,34,0.547,28.3,0.317,1.3,3.7,5.0,4.7,2.0,0.7,0.3,15.4,1,114.7,111.9,2.9,0.57,0.08,0.042,0.117,10.1,2.32,0.216,0.113,154,243,177,307,280,255,299,65,298,150,127,130
1631222,Jake LaRavia,Jake,1610612747,24.0,82,53,29,0.646,25.1,0.321,1.4,2.6,4.0,1.8,1.1,1.3,0.5,8.2,1,116.1,116.1,0.0,0.571,0.081,0.059,0.103,10.6,1.67,0.138,0.067,118,430,254,303,272,164,356,393,343,309,446,454
1627751,Jakob Poeltl,Jakob,1610612761,30.0,46,26,20,0.565,25.0,0.0,2.5,4.5,7.0,2.0,1.2,0.9,0.7,10.7,1,114.7,112.6,2.0,0.698,0.145,0.102,0.188,11.3,1.63,0.15,0.115,156,273,202,25,62,65,76,408,415,320,393,114
1628973,Jalen Brunson,Jalen,1610612752,29.0,74,50,24,0.676,35.0,0.369,0.4,2.9,3.3,6.8,2.4,0.8,0.1,26.0,1,120.2,114.1,6.1,0.58,0.047,0.012,0.083,7.5,2.87,0.296,0.135,37,347,98,259,519,538,471,512,114,76,19,59
1631105,Jalen Duren,Jalen,1610612765,22.0,70,50,20,0.714,28.2,0.0,3.8,6.7,10.5,2.0,1.9,0.8,0.8,19.5,1,120.0,108.2,11.8,0.688,0.182,0.132,0.23,10.3,1.06,0.231,0.177,39,103,38,32,22,25,28,374,325,488,91,11
1630224,Jalen Green,Jalen,1610612756,24.0,32,17,15,0.531,25.9,0.313,0.5,3.1,3.6,2.8,2.3,1.1,0.3,17.8,1,114.2,113.5,0.7,0.516,0.067,0.017,0.122,10.1,1.26,0.309,0.106,176,314,235,473,372,486,273,448,300,437,13,168
1630552,Jalen Johnson,Jalen,1610612737,24.0,72,42,30,0.583,35.2,0.352,1.4,8.9,10.3,7.9,3.4,1.2,0.4,22.5,1,115.5,112.3,3.2,0.581,0.14,0.038,0.241,11.1,2.32,0.264,0.161,134,261,163,258,70,288,21,159,395,149,41,15
1629618,Jalen Pickett,Jalen,1610612743,26.0,50,34,16,0.68,16.1,0.386,0.4,1.9,2.3,2.3,0.7,0.3,0.1,5.2,1,112.1,112.4,-0.4,0.541,0.067,0.022,0.107,8.8,3.38,0.148,0.084,271,267,266,401,369,442,342,530,187,34,400,320
1641771,Jalen Slawson,Jalen,1610612754,26.0,13,3,10,0.231,23.9,0.375,0.5,3.8,4.4,2.8,1.3,1.5,1.1,7.3,1,106.8,111.1,-4.3,0.562,0.086,0.022,0.148,12.4,2.12,0.136,0.09,460,218,361,338,248,446,166,326,472,179,455,277
1630188,Jalen Smith,Jalen,1610612741,26.0,53,26,27,0.491,20.7,0.373,1.8,4.8,6.7,1.2,1.0,0.5,0.8,10.2,1,116.4,113.0,3.4,0.608,0.152,0.085,0.218,9.4,1.23,0.183,0.109,109,291,157,167,50,89,40,145,253,448,225,155
1630591,Jalen Suggs,Jalen,1610612753,25.0,57,34,23,0.596,27.6,0.339,0.6,3.2,3.9,5.5,2.7,1.8,0.7,13.8,1,113.6,108.4,5.2,0.561,0.068,0.022,0.112,13.1,2.05,0.22,0.11,207,112,115,346,361,441,316,100,502,191,118,146
1631114,Jalen Williams,Jalen,1610612760,25.0,33,25,8,0.758,28.4,0.299,0.8,3.8,4.6,5.5,1.9,1.2,0.3,17.1,1,118.1,106.4,11.7,0.56,0.079,0.029,0.124,8.5,2.87,0.252,0.135,71,73,41,349,284,370,263,218,171,77,60,61
1630592,Jalen Wilson,Jalen,1610612751,25.0,54,10,44,0.185,15.9,0.355,0.3,1.8,2.1,0.9,0.7,0.4,0.0,6.4,1,104.5,115.4,-10.9,0.536,0.067,0.019,0.122,9.3,1.32,0.177,0.061,498,405,493,417,371,475,271,499,233,425,265,487
1631288,Jamal Cain,Jamal,1610612753,27.0,40,22,18,0.55,12.1,0.384,0.7,1.3,2.0,0.7,0.5,0.3,0.1,5.4,1,118.0,113.5,4.5,0.624,0.08,0.055,0.109,8.6,1.53,0.159,0.081,74,312,127,114,278,183,331,361,179,363,352,348
1627750,Jamal Murray,Jamal,1610612743,29.0,75,48,27,0.64,35.4,0.435,0.4,4.0,4.4,7.1,2.3,0.9,0.4,25.4,1,124.4,117.7,6.8,0.622,0.063,0.013,0.109,7.7,3.13,0.269,0.142,10,473,82,118,395,529,330,432,124,52,36,41
1642347,Jamal Shead,Jamal,1610612761,23.0,82,46,36,0.561,22.6,0.321,0.3,1.4,1.7,5.4,1.4,0.9,0.2,6.6,1,114.1,108.3,5.8,0.491,0.038,0.014,0.064,10.1,3.96,0.149,0.078,180,108,104,504,557,515,547,398,297,23,395,372
1631123,Jamaree Bouyea,Jamaree,1610612756,27.0,46,23,23,0.5,14.0,0.295,0.4,1.4,1.8,1.8,0.7,0.6,0.3,5.7,1,106.0,104.6,1.4,0.523,0.062,0.026,0.1,8.3,2.73,0.184,0.103,474,51,218,456,408,403,367,565,159,93,221,187
201935,James Harden,James,1610612739,36.0,70,40,30,0.571,34.8,0.375,0.6,4.2,4.8,8.0,3.5,1.1,0.4,23.6,2,118.8,117.0,1.8,0.61,0.07,0.017,0.119,11.5,2.27,0.279,0.143,56,453,205,149,350,487,286,514,428,159,31,39
1630164,James Wiseman,James,1610612754,25.0,4,0,4,0.0,14.6,0.0,1.3,0.8,2.0,0.8,1.3,0.0,0.3,3.3,1,92.9,102.4,-9.5,0.597,0.062,0.074,0.049,26.3,0.6,0.114,0.01,559,31,468,195,405,115,561,197,579,547,524,571
1642364,Jamir Watkins,Jamir,1610612764,24.0,50,10,40,0.2,20.6,0.297,1.0,2.9,3.9,1.3,0.8,1.1,0.5,7.4,1,109.4,115.8,-6.4,0.554,0.092,0.046,0.14,9.1,1.68,0.148,0.069,378,419,409,362,218,229,195,175,218,308,399,431
1642419,Jamison Battle,Jamison,1610612761,25.0,61,35,26,0.574,8.5,0.412,0.3,1.1,1.5,0.4,0.3,0.1,0.0,3.1,1,112.6,105.9,6.7,0.635,0.084,0.04,0.124,9.8,1.26,0.135,0.079,253,63,84,90,260,276,264,266,279,438,466,356
1641716,Jarace Walker,Jarace,1610612754,22.0,76,16,60,0.211,25.7,0.374,0.6,4.5,5.1,2.5,1.8,0.8,0.3,11.6,1,106.5,117.6,-11.1,0.543,0.095,0.023,0.17,12.1,1.38,0.2,0.09,466,472,500,396,204,428,116,104,461,406,168,275
1642272,Jared McCain,Jared,1610612760,22.0,67,46,21,0.687,17.3,0.385,0.3,1.7,2.0,1.3,0.8,0.5,0.1,8.3,2,113.5,108.9,4.6,0.551,0.056,0.019,0.092,8.6,1.61,0.198,0.079,210,123,124,369,453,472,419,220,176,324,172,358
1628991,Jaren Jackson Jr.,Jaren,1610612762,26.0,48,19,29,0.396,30.3,0.357,0.9,4.8,5.7,2.0,2.2,1.1,1.4,19.4,2,108.7,110.8,-2.0,0.576,0.085,0.027,0.14,10.6,0.88,0.253,0.107,399,197,304,276,253,398,193,156,349,530,58,163
1629020,Jarred Vanderbilt,Jarred,1610612747,27.0,65,39,26,0.6,17.3,0.293,1.2,3.3,4.5,1.3,0.9,0.8,0.3,4.4,1,113.9,113.7,0.2,0.544,0.133,0.073,0.194,13.8,1.5,0.119,0.08,192,327,249,392,81,120,67,402,513,373,516,351
1628386,Jarrett Allen,Jarrett,1610612739,28.0,56,37,19,0.661,27.1,0.1,2.6,5.9,8.5,1.8,1.3,1.0,0.8,15.4,1,119.3,112.9,6.4,0.669,0.152,0.097,0.202,9.1,1.33,0.196,0.143,50,283,89,50,49,76,53,225,212,421,184,37
1642859,Jase Richardson,Jase,1610612753,20.0,54,26,28,0.481,10.9,0.354,0.4,0.8,1.2,1.1,0.5,0.4,0.0,4.4,1,111.9,112.8,-0.8,0.574,0.053,0.034,0.074,8.6,2.32,0.162,0.074,280,275,275,288,480,313,515,360,181,148,337,396
1642914,Javon Small,Javon,1610612763,23.0,41,13,28,0.317,20.2,0.423,0.9,2.2,3.1,3.7,1.4,0.8,0.2,9.7,1,111.7,117.4,-5.7,0.611,0.074,0.04,0.109,10.6,2.7,0.183,0.109,285,466,392,147,323,268,332,110,344,97,224,152
1631451,Javonte Cooke,Javonte,1610612757,26.0,19,6,13,0.316,4.9,0.13,0.2,0.8,1.0,0.4,0.5,0.3,0.0,1.2,1,74.3,102.9,-28.6,0.275,0.089,0.033,0.163,15.5,0.78,0.205,0.019,578,34,567,574,234,328,128,27,540,536,151,566
1629750,Javonte Green,Javonte,1610612765,32.0,82,60,22,0.732,17.6,0.381,0.8,2.0,2.8,0.7,0.5,1.2,0.3,6.9,1,113.0,105.4,7.6,0.607,0.077,0.042,0.112,7.9,1.24,0.143,0.095,238,58,75,170,293,251,321,213,138,443,418,234
1629637,Jaxson Hayes,Jaxson,1610612747,26.0,66,43,23,0.652,18.3,1.0,1.5,2.6,4.1,0.9,0.5,0.4,0.8,7.5,1,115.5,113.1,2.4,0.758,0.111,0.083,0.139,7.4,1.9,0.124,0.109,133,296,187,11,136,95,200,394,109,244,499,151
1630643,Jay Huff,Jay,1610612754,28.0,82,19,63,0.232,21.0,0.319,0.9,3.1,4.0,1.5,0.9,0.5,1.9,9.5,1,107.4,113.7,-6.3,0.598,0.089,0.041,0.135,9.0,1.59,0.178,0.092,435,329,404,192,236,263,220,199,205,327,254,260
1627759,Jaylen Brown,Jaylen,1610612738,29.0,71,47,24,0.662,34.4,0.347,1.1,5.8,6.9,5.1,3.6,1.0,0.4,28.7,1,119.5,113.0,6.5,0.573,0.095,0.032,0.155,10.8,1.41,0.351,0.152,43,292,88,296,206,335,149,541,374,399,3,25
1641740,Jaylen Clark,Jaylen,1610612750,24.0,68,40,28,0.588,13.1,0.327,0.8,1.0,1.8,0.6,0.3,0.7,0.1,4.0,1,113.0,108.9,4.1,0.534,0.062,0.056,0.069,7.1,1.87,0.126,0.054,234,125,135,420,401,177,534,164,93,249,495,514
1642377,Jaylen Wells,Jaylen,1610612763,22.0,69,24,45,0.348,26.4,0.353,0.9,2.3,3.2,1.6,1.1,0.9,0.1,12.5,1,113.4,117.8,-4.4,0.559,0.058,0.031,0.086,7.8,1.5,0.189,0.069,214,477,365,351,434,344,448,264,126,373,207,433
1631119,Jaylin Williams,Jaylin,1610612760,24.0,65,54,11,0.831,19.7,0.383,0.5,5.0,5.5,2.4,1.0,0.5,0.6,7.2,1,114.6,103.1,11.5,0.597,0.131,0.025,0.225,10.9,2.36,0.153,0.115,161,37,43,194,86,414,31,261,378,142,378,118
1642281,Jaylon Tyson,Jaylon,1610612739,23.0,66,41,25,0.621,26.9,0.446,1.8,3.3,5.1,2.2,1.5,0.8,0.4,13.2,1,117.0,113.4,3.6,0.608,0.091,0.064,0.118,10.3,1.48,0.189,0.092,100,306,153,164,222,150,290,327,321,380,208,259
1643257,Jayson Kent,Jayson,1610612757,24.0,5,4,1,0.8,4.5,0.25,0.0,1.0,1.0,0.0,0.0,0.2,0.2,2.0,1,86.7,89.4,-2.7,0.672,0.128,0.0,0.25,0.0,0.0,0.137,0.245,572,8,318,45,90,565,14,511,1,560,450,2
1628369,Jayson Tatum,Jayson,1610612738,28.0,16,13,3,0.813,32.6,0.329,0.5,9.5,10.0,5.3,2.4,1.4,0.2,21.8,1,120.7,110.2,10.5,0.541,0.148,0.015,0.274,8.8,2.18,0.29,0.159,30,166,49,402,58,503,8,519,190,172,25,17
201145,Jeff Green,Jeff,1610612745,39.0,30,22,8,0.733,5.8,0.273,0.2,0.6,0.8,0.3,0.1,0.1,0.1,2.2,1,103.6,111.7,-8.1,0.477,0.066,0.036,0.098,4.9,2.0,0.171,0.061,505,239,441,516,376,300,377,491,41,207,290,486
203924,Jerami Grant,Jerami,1610612757,32.0,57,27,30,0.474,29.7,0.389,1.0,2.5,3.5,2.1,2.1,0.7,0.6,18.6,1,114.9,115.2,-0.3,0.608,0.055,0.03,0.082,10.8,1.03,0.228,0.094,151,394,265,165,458,364,476,125,364,493,96,239
1642847,Jeremiah Fears,Jeremiah,1610612740,19.0,82,26,56,0.317,25.8,0.33,0.7,2.9,3.7,3.4,2.2,1.2,0.4,14.3,1,111.8,118.2,-6.4,0.525,0.067,0.026,0.109,11.3,1.57,0.245,0.093,281,484,406,449,366,401,329,200,414,346,71,252
1630526,Jeremiah Robinson-Earl,Jeremiah,1610612742,25.0,22,8,14,0.364,16.4,0.244,1.6,3.0,4.7,0.7,0.5,0.4,0.0,4.6,2,109.3,119.5,-10.2,0.468,0.133,0.088,0.183,9.0,1.25,0.129,0.069,385,508,483,526,82,86,86,87,203,440,485,435
1631110,Jeremy Sochan,Jeremy,1610612752,23.0,44,30,14,0.682,10.6,0.244,0.8,1.6,2.4,0.9,0.5,0.4,0.2,3.6,2,107.2,111.1,-3.9,0.563,0.111,0.076,0.149,10.4,1.9,0.141,0.081,442,213,352,337,137,111,164,294,335,243,435,347
1630579,Jericho Sims,Jericho,1610612749,27.0,67,25,42,0.373,19.7,0.0,2.2,3.3,5.5,1.6,1.1,0.3,0.3,5.0,1,110.3,120.3,-10.1,0.772,0.143,0.115,0.171,19.0,1.39,0.095,0.083,346,517,480,6,63,45,111,542,562,404,566,325
1641724,Jett Howard,Jett,1610612753,22.0,55,28,27,0.509,12.6,0.372,0.4,1.2,1.6,0.8,0.3,0.2,0.2,5.5,1,112.6,118.1,-5.5,0.561,0.06,0.03,0.096,4.6,3.0,0.166,0.07,252,482,389,344,420,366,393,388,36,59,319,428
1628975,Jevon Carter,Jevon,1610612753,30.0,53,26,27,0.491,16.4,0.363,0.3,1.4,1.7,1.6,0.7,0.8,0.2,6.4,2,110.0,115.6,-5.7,0.537,0.048,0.015,0.085,8.2,2.42,0.166,0.074,361,415,391,414,511,506,458,308,154,136,320,397
202710,Jimmy Butler III,Jimmy,1610612744,36.0,38,23,15,0.605,31.1,0.376,2.3,3.2,5.6,4.9,1.6,1.4,0.2,20.0,1,116.6,109.2,7.3,0.646,0.087,0.073,0.101,7.2,3.08,0.226,0.155,107,133,77,72,243,119,366,293,97,55,101,20
1642866,Joan Beringer,Joan,1610612750,19.0,40,22,18,0.55,7.9,0.0,1.1,1.2,2.3,0.3,0.3,0.2,0.7,3.9,1,117.8,115.5,2.3,0.683,0.138,0.141,0.135,8.0,1.09,0.156,0.107,81,409,190,34,74,19,218,55,144,480,367,164
1629111,Jock Landale,Jock,1610612737,30.0,68,36,32,0.529,22.1,0.383,2.7,3.0,5.7,1.7,0.9,0.5,0.5,10.6,2,114.6,116.8,-2.2,0.595,0.123,0.111,0.136,7.7,1.92,0.177,0.098,165,447,307,206,99,49,214,288,119,239,264,215
204060,Joe Ingles,Joe,1610612750,38.0,27,13,14,0.481,5.7,0.438,0.0,0.7,0.7,1.3,0.5,0.3,0.1,1.5,1,110.9,116.7,-5.8,0.735,0.06,0.0,0.11,18.4,2.43,0.106,0.096,318,443,395,15,423,565,327,10,560,132,544,227
203954,Joel Embiid,Joel,1610612755,32.0,38,24,14,0.632,31.6,0.333,2.0,5.7,7.7,3.9,2.9,0.6,1.2,26.9,1,119.1,113.2,5.8,0.605,0.118,0.063,0.169,9.9,1.38,0.336,0.163,55,302,105,177,117,154,117,381,281,408,6,13
1628381,John Collins,John,1610612746,28.0,69,32,37,0.464,27.1,0.406,1.6,3.7,5.3,1.0,1.4,0.9,0.7,13.6,1,113.9,115.1,-1.2,0.643,0.099,0.061,0.135,10.7,0.74,0.188,0.098,187,391,284,76,184,157,221,528,362,538,209,213
1629723,John Konchar,John,1610612762,30.0,56,18,38,0.321,19.9,0.283,1.3,3.0,4.3,2.1,0.6,1.5,0.7,4.4,2,106.1,112.0,-5.9,0.568,0.098,0.059,0.14,9.4,3.37,0.09,0.09,472,246,396,317,189,167,196,68,248,35,573,279
1642967,John Poulakidas,John,1610612742,23.0,13,3,10,0.231,19.5,0.403,0.3,2.0,2.3,0.8,0.3,0.5,0.3,8.8,1,110.5,112.8,-2.3,0.611,0.053,0.014,0.096,3.7,2.75,0.153,0.069,333,279,309,146,479,517,396,45,30,87,379,440
1642910,John Tonje,John,1610612738,25.0,6,5,1,0.833,7.0,0.3,0.0,1.0,1.0,0.3,0.0,0.3,0.0,2.5,1,106.6,108.4,-1.8,0.476,0.067,0.0,0.12,0.0,0.0,0.157,0.061,464,114,295,518,362,565,281,43,1,560,364,481
1641780,Johni Broome,Johni,1610612755,23.0,11,5,6,0.455,5.0,0.0,0.6,0.8,1.5,0.4,0.3,0.3,0.2,0.9,1,88.9,102.5,-13.6,0.188,0.137,0.109,0.17,8.8,1.33,0.226,-0.02,567,33,529,575,76,51,115,168,192,421,104,577
1642277,Johnny Furphy,Johnny,1610612754,21.0,35,10,25,0.286,18.4,0.324,0.9,3.5,4.4,1.2,0.8,0.6,0.2,5.1,1,110.1,114.8,-4.6,0.547,0.119,0.049,0.191,12.4,1.41,0.125,0.066,353,375,376,383,113,213,74,256,469,394,497,455
1630548,Johnny Juzang,Johnny,1610612750,25.0,21,13,8,0.619,4.2,0.25,0.2,0.6,0.8,0.3,0.2,0.1,0.0,2.0,1,105.3,109.9,-4.6,0.518,0.092,0.054,0.129,9.4,1.2,0.2,0.085,486,154,373,466,219,185,240,8,248,460,165,311
202685,Jonas Valanciunas,Jonas,1610612743,34.0,65,42,23,0.646,13.4,0.308,1.6,3.4,5.1,1.2,1.1,0.2,0.6,8.7,1,114.6,116.6,-2.0,0.63,0.187,0.124,0.246,12.1,1.07,0.26,0.15,163,440,303,101,14,34,17,558,460,486,50,30
1628371,Jonathan Isaac,Jonathan,1610612753,28.0,52,29,23,0.558,10.0,0.184,0.8,1.7,2.5,0.4,0.3,0.4,0.6,2.6,1,104.7,106.1,-1.3,0.498,0.115,0.071,0.165,10.2,1.22,0.119,0.078,495,66,288,498,125,123,126,221,309,451,510,363
1630228,Jonathan Kuminga,Jonathan,1610612737,23.0,36,22,14,0.611,23.1,0.333,1.4,4.3,5.6,2.3,1.9,0.6,0.3,12.2,2,112.0,108.0,4.1,0.557,0.118,0.056,0.182,12.3,1.24,0.226,0.111,273,99,137,354,115,176,89,214,467,445,103,142
1642367,Jonathan Mogbo,Jonathan,1610612761,24.0,40,20,20,0.5,6.2,0.0,0.5,1.2,1.7,0.6,0.4,0.3,0.2,1.5,1,96.3,106.5,-10.2,0.608,0.13,0.071,0.193,15.9,1.79,0.102,0.101,552,76,484,163,87,128,69,129,544,274,556,200
203903,Jordan Clarkson,Jordan,1610612752,34.0,72,45,27,0.625,17.8,0.327,0.9,0.9,1.8,1.3,0.9,0.4,0.1,8.6,1,115.4,111.7,3.7,0.548,0.048,0.047,0.049,8.7,1.52,0.203,0.068,137,238,147,380,514,223,562,488,184,364,159,443
1630692,Jordan Goodwin,Jordan,1610612756,27.0,70,39,31,0.557,22.5,0.371,2.0,2.9,4.9,2.2,1.0,1.5,0.2,8.7,1,113.4,110.1,3.3,0.525,0.105,0.08,0.134,8.5,2.22,0.167,0.098,217,164,161,445,157,101,225,466,174,167,307,222
1641722,Jordan Hawkins,Jordan,1610612740,24.0,51,13,38,0.255,13.6,0.348,0.4,1.3,1.7,0.8,0.7,0.3,0.2,5.1,1,107.0,116.8,-9.8,0.48,0.058,0.026,0.089,9.9,1.24,0.175,0.055,457,446,473,513,436,399,433,141,284,447,272,508
1629162,Jordan McLaughlin,Jordan,1610612759,30.0,44,37,7,0.841,6.4,0.425,0.2,0.6,0.7,0.9,0.3,0.5,0.0,2.0,1,100.8,112.3,-11.5,0.542,0.057,0.024,0.093,11.1,2.53,0.143,0.091,532,260,504,399,439,419,414,305,396,117,416,269
1641757,Jordan Miller,Jordan,1610612746,26.0,60,36,24,0.6,22.1,0.345,0.8,2.2,3.0,2.3,1.1,0.8,0.2,10.0,1,114.3,114.7,-0.4,0.628,0.071,0.041,0.097,9.3,2.16,0.177,0.106,175,371,268,106,345,259,384,500,229,175,261,166
1629673,Jordan Poole,Jordan,1610612740,27.0,39,16,23,0.41,23.9,0.333,0.2,1.7,2.0,3.1,1.8,0.6,0.4,13.4,1,109.4,117.3,-7.9,0.53,0.037,0.009,0.067,10.2,1.72,0.235,0.073,379,464,436,434,559,554,537,118,311,290,84,410
1641775,Jordan Walsh,Jordan,1610612738,22.0,68,46,22,0.676,17.8,0.384,1.3,2.8,4.0,0.8,0.5,0.7,0.5,5.4,1,117.9,112.8,5.1,0.623,0.108,0.069,0.146,9.2,1.54,0.114,0.08,77,281,118,116,149,139,178,577,228,357,525,349
1630631,Jose Alvarado,Jose,1610612752,28.0,69,28,41,0.406,19.9,0.352,0.4,2.1,2.5,3.4,1.1,1.0,0.1,7.4,2,112.0,110.7,1.3,0.543,0.06,0.018,0.1,9.9,3.04,0.167,0.088,275,195,223,394,422,477,372,446,283,58,309,287
1630581,Josh Giddey,Josh,1610612741,23.0,54,21,33,0.389,32.1,0.364,1.2,7.1,8.3,9.1,3.6,1.0,0.5,17.0,1,112.1,117.1,-5.0,0.562,0.121,0.037,0.201,13.0,2.52,0.238,0.142,270,455,383,340,103,292,55,103,500,120,80,43
1630182,Josh Green,Josh,1610612766,25.0,58,37,21,0.638,15.7,0.42,0.8,1.0,1.8,0.8,0.6,0.6,0.1,4.3,1,118.5,106.0,12.5,0.644,0.054,0.048,0.06,12.8,1.34,0.104,0.059,64,65,33,74,465,215,551,515,490,420,551,494
1628404,Josh Hart,Josh,1610612752,31.0,66,44,22,0.667,30.2,0.413,1.4,6.0,7.4,4.8,1.9,1.1,0.3,12.0,1,118.0,112.5,5.5,0.612,0.123,0.047,0.2,11.8,2.48,0.163,0.118,75,270,111,144,100,224,58,477,444,129,326,103
1631169,Josh Minott,Josh,1610612751,23.0,49,23,26,0.469,17.0,0.418,1.0,2.2,3.2,0.9,0.9,0.9,0.5,7.4,2,111.7,111.7,-0.1,0.653,0.091,0.055,0.128,11.8,1.07,0.162,0.104,294,240,259,67,224,179,244,481,445,485,332,186
1642490,Josh Oduro,Josh,1610612740,25.0,3,1,2,0.333,27.3,0.0,3.7,4.0,7.7,1.3,0.7,0.0,0.0,8.3,1,127.8,124.6,3.2,0.636,0.126,0.117,0.136,8.3,2.0,0.09,0.05,6,561,164,85,93,41,211,9,161,207,572,528
1629006,Josh Okogie,Josh,1610612745,27.0,78,49,29,0.628,17.4,0.385,1.0,1.5,2.6,0.9,0.5,0.8,0.2,4.5,1,115.4,109.9,5.6,0.544,0.072,0.059,0.085,9.4,1.68,0.112,0.056,136,150,110,391,336,166,455,513,247,303,533,506
201950,Jrue Holiday,Jrue,1610612757,36.0,53,28,25,0.528,29.4,0.378,1.3,3.3,4.6,6.1,2.8,1.0,0.1,16.3,1,114.6,108.6,6.1,0.573,0.074,0.042,0.108,12.0,2.21,0.227,0.124,160,117,99,298,316,249,338,162,454,170,97,82
1630577,Julian Champagnie,Julian,1610612759,25.0,82,62,20,0.756,27.6,0.381,0.9,4.9,5.8,1.5,0.8,0.8,0.5,11.1,1,120.4,108.0,12.4,0.609,0.099,0.032,0.161,7.4,1.84,0.146,0.091,34,102,35,161,183,333,133,227,107,257,404,264
1641763,Julian Phillips,Julian,1610612750,22.0,48,19,29,0.396,8.9,0.308,0.5,0.5,1.0,0.2,0.2,0.5,0.1,2.9,2,107.7,110.7,-2.9,0.534,0.053,0.053,0.054,7.3,0.91,0.134,0.046,427,187,321,421,474,191,558,56,100,520,469,540
1642882,Julian Reese,Julian,1610612764,23.0,13,1,12,0.077,30.9,0.0,4.2,6.3,10.5,1.8,2.5,1.4,0.6,11.8,1,110.8,122.6,-11.8,0.557,0.174,0.133,0.219,16.4,0.75,0.173,0.092,322,552,508,356,30,22,39,231,547,537,282,258
1631124,Julian Strawther,Julian,1610612743,24.0,57,38,19,0.667,15.1,0.387,0.2,1.8,2.0,1.1,0.6,0.4,0.1,7.2,1,115.0,113.5,1.5,0.59,0.065,0.014,0.112,8.1,1.69,0.187,0.082,143,313,217,221,382,510,318,282,147,301,211,332
203944,Julius Randle,Julius,1610612750,31.0,79,47,32,0.595,33.0,0.315,1.7,5.1,6.7,5.0,2.7,1.1,0.2,21.1,1,117.0,113.1,4.0,0.585,0.099,0.05,0.146,10.7,1.83,0.258,0.128,96,295,142,244,182,206,176,249,357,260,53,76
1630551,Justin Champagnie,Justin,1610612764,25.0,69,13,56,0.188,20.0,0.319,2.1,3.5,5.6,1.2,0.7,0.9,0.6,8.7,1,110.0,119.4,-9.4,0.589,0.133,0.098,0.171,7.1,1.87,0.161,0.106,357,506,465,227,80,74,109,161,90,250,343,170
1642348,Justin Edwards,Justin,1610612755,22.0,64,37,27,0.578,15.3,0.372,0.4,1.1,1.5,1.3,0.6,0.8,0.2,6.0,1,111.7,115.0,-3.4,0.572,0.047,0.025,0.07,7.9,2.22,0.154,0.068,288,389,337,299,524,410,530,130,142,166,373,446
203994,Jusuf Nurkic,Jusuf,1610612762,31.0,41,14,27,0.341,26.4,0.352,2.6,7.8,10.4,4.8,2.5,1.3,0.5,10.9,1,109.5,117.4,-7.9,0.548,0.182,0.089,0.279,14.3,1.94,0.186,0.121,375,467,434,379,20,83,7,71,526,232,214,94
1642354,KJ Simpson,KJ,1610612743,23.0,20,10,10,0.5,12.9,0.3,0.5,1.4,1.9,2.2,1.3,0.8,0.0,4.6,2,110.1,110.0,0.0,0.426,0.072,0.034,0.112,14.3,1.72,0.21,0.065,354,161,253,548,337,308,322,418,522,292,144,460
1642955,Kadary Richmond,Kadary,1610612764,24.0,3,2,1,0.667,22.3,0.5,0.3,3.0,3.3,2.7,0.7,2.7,0.3,8.3,1,110.6,106.6,4.0,0.722,0.077,0.016,0.136,7.4,4.0,0.114,0.129,330,78,140,18,297,500,211,17,104,20,523,71
1642880,Kam Jones,Kam,1610612754,24.0,37,6,31,0.162,16.7,0.293,0.4,1.2,1.6,3.2,1.0,0.5,0.0,4.4,1,106.0,116.0,-10.0,0.47,0.048,0.024,0.071,11.0,3.31,0.141,0.061,473,428,479,523,516,425,526,117,385,41,437,484
1626157,Karl-Anthony Towns,Karl-Anthony,1610612752,30.0,75,49,26,0.653,31.0,0.368,3.1,8.7,11.9,3.0,2.5,0.9,0.5,20.1,1,118.8,111.8,7.0,0.619,0.192,0.101,0.283,11.6,1.21,0.251,0.154,59,241,80,125,10,66,6,454,431,457,62,21
1631255,Karlo Matkovic,Karlo,1610612740,25.0,62,24,38,0.387,14.7,0.422,1.2,2.5,3.7,0.8,0.5,0.4,0.9,5.7,1,107.2,111.6,-4.4,0.696,0.115,0.074,0.155,10.1,1.47,0.128,0.108,443,233,366,26,127,114,148,239,301,385,489,160
1642857,Kasparas Jakucionis,Kasparas,1610612748,20.0,53,28,25,0.528,17.8,0.423,0.8,1.8,2.6,2.6,0.9,0.6,0.1,6.2,1,115.9,112.9,3.0,0.614,0.067,0.04,0.096,11.0,2.74,0.129,0.073,126,287,174,136,364,270,391,32,389,91,487,409
202695,Kawhi Leonard,Kawhi,1610612746,35.0,65,37,28,0.569,32.1,0.387,1.1,5.3,6.4,3.6,2.0,1.9,0.4,27.9,1,120.3,112.8,7.5,0.629,0.102,0.036,0.162,7.4,1.76,0.326,0.185,35,276,76,103,171,298,132,549,106,281,8,9
1630811,Keaton Wallace,Keaton,1610612737,27.0,53,31,22,0.585,10.1,0.373,0.1,1.0,1.1,1.8,0.5,0.5,0.1,3.5,1,102.2,110.8,-8.6,0.52,0.05,0.005,0.097,9.3,3.36,0.161,0.077,525,198,452,463,495,564,383,228,234,36,338,379
1631099,Keegan Murray,Keegan,1610612758,25.0,23,5,18,0.217,34.5,0.277,1.4,4.3,5.7,1.7,1.2,1.0,1.6,14.0,1,107.6,118.4,-10.7,0.499,0.079,0.039,0.122,7.0,1.41,0.182,0.078,430,488,492,497,285,287,272,414,85,398,231,370
1642276,Kel'el Ware,Kel'el,1610612748,22.0,77,39,38,0.506,22.1,0.395,2.8,6.2,9.0,0.7,0.8,0.8,1.1,11.1,1,113.1,114.1,-1.0,0.616,0.18,0.113,0.247,7.7,0.9,0.174,0.137,231,345,279,132,24,46,16,67,118,523,275,57
1629640,Keldon Johnson,Keldon,1610612759,26.0,82,62,20,0.756,23.3,0.363,1.7,3.7,5.4,1.4,0.9,0.6,0.1,13.2,1,116.0,108.2,7.8,0.613,0.106,0.067,0.143,6.6,1.59,0.201,0.118,122,107,71,142,155,145,183,257,74,332,163,101
203482,Kelly Olynyk,Kelly,1610612759,35.0,42,33,9,0.786,8.6,0.255,0.6,1.2,1.8,1.2,0.6,0.4,0.1,3.2,1,104.2,111.1,-6.9,0.59,0.101,0.063,0.138,12.8,2.04,0.16,0.096,502,211,417,224,174,152,205,373,493,194,347,226
1626162,Kelly Oubre Jr.,Kelly,1610612755,30.0,50,27,23,0.54,31.5,0.36,1.0,4.0,5.0,1.6,1.4,1.4,0.5,14.1,1,115.3,117.2,-1.9,0.58,0.077,0.031,0.121,9.2,1.16,0.179,0.083,139,456,298,261,300,346,276,407,221,467,246,324
1631113,Kennedy Chandler,Kennedy,1610612762,23.0,11,1,10,0.091,32.3,0.395,0.5,2.8,3.4,6.7,2.1,1.0,0.2,15.0,1,113.3,122.6,-9.3,0.529,0.049,0.015,0.085,9.1,3.22,0.195,0.081,218,550,463,436,502,502,450,15,212,46,186,345
1629026,Kenrich Williams,Kenrich,1610612760,31.0,56,41,15,0.732,15.3,0.388,1.1,2.3,3.3,1.4,0.8,0.6,0.1,6.5,1,112.6,109.5,3.1,0.569,0.106,0.068,0.143,9.8,1.84,0.178,0.098,255,137,173,310,153,141,182,369,275,258,257,217
203484,Kentavious Caldwell-Pope,Kentavious,1610612763,33.0,51,20,31,0.392,21.3,0.316,0.4,2.1,2.5,2.7,1.2,0.8,0.2,8.4,1,110.8,115.3,-4.5,0.533,0.054,0.017,0.094,10.1,2.28,0.173,0.083,323,398,372,425,467,490,405,248,303,158,281,328
1631165,Keon Ellis,Keon,1610612739,26.0,72,31,41,0.431,20.5,0.363,0.5,1.3,1.9,1.0,0.6,1.2,0.6,6.7,2,110.6,115.4,-4.8,0.579,0.045,0.025,0.066,7.8,1.76,0.129,0.058,331,403,380,267,534,418,541,395,128,282,488,496
1642352,Keshad Johnson,Keshad,1610612748,25.0,32,16,16,0.5,8.7,0.295,0.8,1.1,1.9,0.3,0.4,0.5,0.3,4.3,1,122.3,109.3,13.0,0.582,0.1,0.08,0.12,9.4,0.62,0.171,0.083,22,134,29,252,181,100,278,12,242,546,287,329
1642933,Keshon Gilbert,Keshon,1610612737,23.0,4,0,4,0.0,18.4,0.0,0.5,0.8,1.3,3.0,2.0,0.8,1.0,4.3,2,103.2,141.3,-38.1,0.564,0.036,0.028,0.046,22.9,1.5,0.131,0.049,511,577,575,335,561,386,563,344,572,373,477,534
201142,Kevin Durant,Kevin,1610612745,37.0,78,48,30,0.615,36.4,0.413,0.5,4.9,5.5,4.8,3.2,0.8,0.9,26.0,1,117.9,112.4,5.5,0.641,0.073,0.014,0.131,11.3,1.51,0.263,0.15,78,266,112,78,324,509,233,518,410,371,44,32
1628989,Kevin Huerter,Kevin,1610612765,27.0,69,40,29,0.58,22.5,0.308,0.5,3.0,3.5,2.6,1.0,0.9,0.5,10.0,2,113.1,110.8,2.3,0.552,0.074,0.021,0.125,8.2,2.47,0.184,0.093,232,199,195,366,319,450,260,203,157,130,220,249
201567,Kevin Love,Kevin,1610612762,37.0,37,10,27,0.27,16.6,0.373,1.5,4.3,5.8,1.8,0.8,0.4,0.2,6.7,1,115.8,122.5,-6.7,0.568,0.167,0.083,0.256,9.6,2.23,0.161,0.103,128,548,416,317,37,94,11,119,260,165,339,190
1641755,Kevin McCullar Jr.,Kevin,1610612752,25.0,21,11,10,0.524,7.4,0.333,0.5,0.8,1.3,1.0,0.6,0.4,0.0,2.4,1,98.8,110.9,-12.1,0.508,0.082,0.065,0.099,14.8,1.67,0.166,0.062,543,203,510,487,269,148,373,336,530,309,321,480
1629645,Kevin Porter Jr.,Kevin,1610612749,26.0,38,18,20,0.474,33.2,0.322,0.9,4.3,5.2,7.4,2.9,2.2,0.5,17.4,1,111.4,116.1,-4.7,0.567,0.077,0.027,0.123,11.3,2.55,0.236,0.132,301,432,377,322,301,395,266,468,413,113,83,66
1626172,Kevon Looney,Kevon,1610612740,30.0,21,3,18,0.143,14.6,0.154,2.3,3.3,5.6,1.6,0.4,0.4,0.5,2.8,1,105.3,115.7,-10.4,0.458,0.171,0.132,0.214,8.3,3.78,0.096,0.093,487,416,485,531,33,26,43,217,161,25,565,255
1641718,Keyonte George,Keyonte,1610612762,22.0,54,16,38,0.296,33.1,0.371,0.4,3.3,3.7,6.1,3.1,1.1,0.3,23.6,1,115.1,123.6,-8.6,0.609,0.054,0.012,0.096,10.8,2.0,0.275,0.122,141,555,451,160,472,535,388,177,372,207,32,89
1642863,Khaman Maluach,Khaman,1610612756,19.0,46,22,24,0.478,8.9,0.238,1.1,1.8,2.9,0.1,0.5,0.1,0.7,3.0,1,106.0,103.5,2.5,0.586,0.151,0.107,0.198,16.6,0.24,0.142,0.098,475,40,185,238,52,55,61,531,548,559,427,220
203114,Khris Middleton,Khris,1610612742,34.0,63,18,45,0.286,22.8,0.36,0.8,2.9,3.7,2.8,1.7,0.7,0.1,10.2,2,110.0,121.1,-11.1,0.533,0.075,0.033,0.118,12.3,1.63,0.198,0.073,356,532,498,423,311,327,293,135,466,321,171,413
1630165,Killian Hayes,Killian,1610612758,24.0,23,10,13,0.435,17.6,0.27,0.2,2.2,2.3,3.5,1.2,0.9,0.2,5.5,1,107.8,110.6,-2.8,0.422,0.061,0.009,0.117,10.8,2.89,0.179,0.071,425,181,319,551,414,552,298,363,364,74,248,419
202691,Klay Thompson,Klay,1610612742,36.0,69,21,48,0.304,21.7,0.383,0.3,1.8,2.1,1.4,0.9,0.5,0.3,11.7,1,106.3,111.0,-4.7,0.541,0.043,0.011,0.074,7.0,1.52,0.214,0.077,469,206,378,400,543,543,513,49,86,364,130,378
1641738,Kobe Brown,Kobe,1610612754,26.0,61,17,44,0.279,15.8,0.374,1.1,1.9,3.0,1.3,0.9,0.4,0.2,5.8,2,108.4,119.0,-10.5,0.594,0.096,0.072,0.119,12.3,1.51,0.154,0.078,411,498,486,208,201,121,285,384,465,372,375,364
1641723,Kobe Bufkin,Kobe,1610612747,22.0,16,10,6,0.625,7.5,0.192,0.1,0.8,0.8,0.6,0.3,0.1,0.2,2.9,1,97.7,127.9,-30.2,0.416,0.055,0.008,0.102,7.0,2.0,0.219,0.038,546,568,570,553,463,556,360,237,88,207,123,552
1642920,Kobe Sanders,Kobe,1610612746,24.0,68,36,32,0.529,19.9,0.408,0.4,1.8,2.3,1.6,1.2,0.7,0.1,7.3,1,113.1,112.9,0.2,0.597,0.056,0.022,0.088,13.4,1.35,0.155,0.062,227,285,246,196,450,444,438,464,509,418,370,472
1642886,Koby Brea,Koby,1610612756,23.0,12,5,7,0.417,7.0,0.433,0.1,0.6,0.7,0.8,0.3,0.1,0.0,3.8,1,101.8,106.0,-4.2,0.61,0.048,0.012,0.088,7.8,2.5,0.203,0.101,528,64,358,150,510,541,441,574,129,124,158,197
1642851,Kon Knueppel,Kon,1610612766,20.0,81,44,37,0.543,31.5,0.425,1.2,4.1,5.3,3.4,2.0,0.7,0.2,18.5,1,119.2,113.0,6.2,0.633,0.082,0.036,0.128,10.0,1.7,0.216,0.115,52,293,94,94,271,296,243,440,289,298,126,117
1627739,Kris Dunn,Kris,1610612746,32.0,82,42,40,0.512,27.2,0.374,0.7,2.6,3.3,3.6,1.4,1.6,0.2,7.3,1,114.6,114.1,0.5,0.581,0.063,0.028,0.097,12.1,2.66,0.122,0.074,162,351,238,256,397,391,386,516,457,106,506,400
1631200,Kris Murray,Kris,1610612757,25.0,57,28,29,0.491,23.4,0.279,1.6,2.0,3.6,1.4,0.8,0.9,0.4,5.8,1,110.6,109.1,1.5,0.55,0.073,0.062,0.084,11.0,1.72,0.103,0.063,327,132,214,374,330,155,461,254,384,291,553,469
204001,Kristaps Porzingis,Kristaps,1610612744,30.0,32,13,19,0.406,24.0,0.338,1.3,4.0,5.2,2.5,1.3,0.6,1.2,16.7,2,113.8,110.8,3.0,0.582,0.104,0.05,0.158,7.0,1.98,0.265,0.124,195,200,175,251,161,210,140,155,89,223,40,84
203937,Kyle Anderson,Kyle,1610612750,32.0,43,15,28,0.349,19.8,0.364,1.0,2.5,3.5,2.9,0.9,1.0,0.6,6.2,3,107.4,111.6,-4.2,0.573,0.084,0.047,0.121,9.8,3.23,0.131,0.095,434,230,357,292,258,219,277,139,277,45,480,236
1642271,Kyle Filipowski,Kyle,1610612762,22.0,77,21,56,0.273,23.4,0.325,1.9,5.3,7.2,2.6,1.6,0.9,0.5,11.4,1,113.7,120.4,-6.6,0.586,0.149,0.076,0.225,11.6,1.58,0.197,0.106,199,519,414,239,55,109,32,123,435,334,175,169
1628398,Kyle Kuzma,Kyle,1610612749,30.0,69,31,38,0.449,26.2,0.347,0.8,3.7,4.5,2.7,1.7,0.7,0.4,13.0,1,110.2,116.8,-6.6,0.581,0.084,0.032,0.134,11.1,1.55,0.212,0.096,348,448,411,257,257,343,224,386,396,355,137,232
200768,Kyle Lowry,Kyle,1610612755,40.0,14,9,5,0.643,8.4,0.16,0.0,0.6,0.6,0.8,0.3,0.1,0.1,1.2,1,98.5,116.5,-18.0,0.308,0.032,0.0,0.065,9.3,2.75,0.106,0.013,545,437,552,572,570,565,545,77,234,87,546,569
1642273,Kyshawn George,Kyshawn,1610612764,22.0,48,10,38,0.208,29.0,0.381,0.9,4.2,5.1,4.5,2.6,1.0,0.9,14.8,1,108.3,119.7,-11.5,0.559,0.081,0.028,0.135,12.9,1.71,0.222,0.09,415,510,503,350,276,384,216,163,495,294,115,276
1643018,LJ Cryer,LJ,1610612744,24.0,18,6,12,0.333,16.2,0.394,0.2,1.3,1.6,1.0,0.8,0.2,0.0,8.2,1,109.2,109.6,-0.4,0.59,0.049,0.014,0.084,9.0,1.29,0.196,0.07,389,139,267,222,504,513,465,470,208,433,182,423
1630163,LaMelo Ball,LaMelo,1610612766,24.0,72,41,31,0.569,28.0,0.368,0.9,3.9,4.8,7.1,2.8,1.2,0.3,20.1,1,123.2,114.1,9.1,0.546,0.084,0.03,0.14,9.9,2.54,0.306,0.134,15,353,59,384,263,351,197,460,285,114,17,63
1642950,Lachlan Olbrich,Lachlan,1610612741,22.0,37,9,28,0.243,9.3,0.105,1.2,1.8,3.0,1.1,0.4,0.3,0.2,2.4,1,109.0,106.7,2.3,0.47,0.142,0.112,0.174,10.3,2.63,0.125,0.074,395,83,191,522,67,47,104,51,323,109,496,401
1629013,Landry Shamet,Landry,1610612752,29.0,51,35,16,0.686,23.0,0.392,0.5,1.4,1.8,1.4,0.6,0.6,0.2,9.3,1,115.2,107.0,8.1,0.598,0.038,0.019,0.058,6.0,2.4,0.151,0.07,140,86,65,193,558,474,553,458,59,139,390,426
1626204,Larry Nance Jr.,Larry,1610612739,33.0,35,25,10,0.714,12.8,0.333,0.8,1.8,2.7,1.0,0.6,0.6,0.2,3.7,1,108.2,111.1,-2.9,0.505,0.098,0.058,0.143,10.9,1.7,0.137,0.062,418,217,323,491,186,169,185,310,379,299,452,476
1628374,Lauri Markkanen,Lauri,1610612762,29.0,42,17,25,0.405,34.3,0.355,2.0,4.9,6.9,2.1,1.5,1.0,0.5,26.7,1,113.6,115.2,-1.5,0.608,0.094,0.054,0.134,5.9,1.41,0.269,0.139,203,393,290,162,212,189,226,102,56,395,37,51
1643133,Lawson Lovering,Lawson,1610612763,23.0,2,1,1,0.5,24.6,0.0,3.0,4.5,7.5,1.5,1.0,1.5,0.5,7.0,1,110.5,110.6,-0.1,0.574,0.143,0.105,0.188,11.8,1.5,0.106,0.07,334,183,260,289,65,57,79,11,442,373,544,424
2544,LeBron James,LeBron,1610612747,41.0,60,39,21,0.65,33.2,0.317,0.7,5.4,6.1,7.2,3.0,1.2,0.6,20.9,1,115.0,112.4,2.6,0.594,0.093,0.023,0.16,10.8,2.41,0.262,0.154,144,264,181,211,214,434,135,413,366,137,47,23
1641778,Leaky Black,Leaky,1610612764,27.0,15,1,14,0.067,28.9,0.345,1.0,4.0,5.0,1.5,0.9,1.2,0.5,7.1,1,109.6,119.5,-9.9,0.498,0.084,0.032,0.14,9.8,1.57,0.113,0.051,372,507,476,499,258,332,194,154,274,342,531,524
1631159,Leonard Miller,Leonard,1610612741,22.0,46,18,28,0.391,15.6,0.323,1.2,2.8,3.9,0.9,0.8,0.4,0.3,7.8,2,111.7,114.1,-2.5,0.633,0.118,0.073,0.158,10.0,1.11,0.176,0.104,293,352,314,95,118,117,138,36,292,473,269,183
1642862,Liam McNeeley,Liam,1610612766,20.0,31,12,19,0.387,11.9,0.4,0.4,1.9,2.4,0.8,0.4,0.2,0.1,4.3,1,111.5,109.9,1.6,0.588,0.098,0.034,0.167,8.6,1.85,0.144,0.079,299,152,210,228,192,315,120,489,180,255,408,355
1630322,Lindy Waters III,Lindy,1610612759,28.0,40,31,9,0.775,7.1,0.342,0.1,0.7,0.7,0.5,0.2,0.2,0.0,2.4,1,107.1,108.7,-1.6,0.532,0.05,0.01,0.087,6.1,2.71,0.141,0.052,449,120,291,430,499,547,445,343,63,95,430,519
1628366,Lonzo Ball,Lonzo,1610612739,28.0,35,19,16,0.543,20.8,0.272,0.7,3.3,4.0,3.9,1.5,1.3,0.3,4.6,1,111.0,109.7,1.3,0.432,0.089,0.032,0.148,14.0,2.62,0.13,0.077,314,144,220,547,235,333,167,85,517,110,483,377
1631351,Lucas Williamson,Lucas,1610612763,27.0,7,0,7,0.0,32.0,0.283,1.6,3.9,5.4,2.6,1.4,1.6,0.1,10.4,1,105.2,129.7,-24.5,0.465,0.08,0.042,0.127,9.4,1.8,0.159,0.044,490,572,564,527,281,256,249,29,248,268,351,547
1629652,Luguentz Dort,Luguentz,1610612760,27.0,69,53,16,0.768,26.8,0.344,0.8,2.7,3.6,1.2,0.8,0.9,0.4,8.3,1,116.2,108.2,8.0,0.524,0.063,0.03,0.094,7.8,1.57,0.139,0.049,114,106,67,452,393,358,403,389,130,340,444,533
1629029,Luka Doncic,Luka,1610612747,27.0,64,43,21,0.672,35.8,0.366,0.6,7.1,7.7,8.3,4.0,1.6,0.5,33.5,1,119.4,115.6,3.8,0.616,0.11,0.019,0.194,10.1,2.08,0.368,0.188,44,414,146,133,146,471,66,377,306,183,1,8
1630568,Luka Garza,Luka,1610612738,27.0,69,47,22,0.681,16.2,0.433,2.3,1.8,4.1,1.0,0.7,0.4,0.4,8.1,1,119.4,113.6,5.8,0.682,0.12,0.129,0.11,8.9,1.43,0.168,0.103,46,317,106,36,108,29,325,555,197,389,301,188
1628379,Luke Kennard,Luke,1610612747,30.0,78,45,33,0.577,21.5,0.478,0.4,1.9,2.3,2.2,0.8,0.7,0.1,8.4,2,114.2,113.7,0.5,0.689,0.053,0.019,0.086,8.6,2.9,0.131,0.089,178,330,239,31,473,466,449,299,177,73,481,283
1628436,Luke Kornet,Luke,1610612759,30.0,68,52,16,0.765,21.0,0.0,2.7,3.4,6.1,1.9,0.4,0.5,1.0,6.5,1,114.4,110.5,3.9,0.689,0.132,0.116,0.147,5.8,4.5,0.1,0.109,169,177,144,30,85,44,168,240,52,14,559,153
1631247,Luke Travers,Luke,1610612739,24.0,12,6,6,0.5,8.6,0.063,0.8,1.3,2.0,0.8,0.3,0.6,0.3,2.3,1,97.3,110.5,-13.2,0.35,0.098,0.069,0.133,5.8,3.0,0.161,0.071,549,179,523,568,187,137,230,59,50,59,340,420
1630644,Mac McClung,Mac,1610612741,27.0,11,2,9,0.182,12.3,0.233,0.2,0.7,0.9,0.9,0.8,1.0,0.3,6.1,2,112.3,121.7,-9.4,0.501,0.034,0.012,0.063,11.1,1.11,0.199,0.047,265,539,467,494,565,536,549,35,396,473,170,537
1641869,Malachi Smith,Malachi,1610612751,26.0,15,3,12,0.2,23.9,0.435,0.8,2.6,3.4,3.3,0.9,0.8,0.3,8.3,1,104.9,118.0,-13.2,0.605,0.073,0.032,0.123,8.5,3.5,0.136,0.102,493,481,522,174,328,338,267,385,175,31,458,194
1631103,Malaki Branham,Malaki,1610612764,23.0,28,7,21,0.25,9.8,0.378,0.4,1.1,1.6,0.8,0.5,0.4,0.1,4.6,1,102.5,111.3,-8.8,0.604,0.074,0.039,0.113,10.3,1.53,0.177,0.099,523,222,455,178,315,285,311,242,314,361,263,210
1642502,Malevy Leons,Malevy,1610612744,26.0,25,7,18,0.28,11.1,0.25,1.2,0.9,2.1,0.9,0.5,0.6,0.4,3.3,1,111.6,122.2,-10.6,0.516,0.098,0.106,0.089,11.1,1.77,0.137,0.062,297,543,489,471,188,56,430,434,396,275,451,478
1628370,Malik Monk,Malik,1610612758,28.0,62,18,44,0.29,22.0,0.395,0.2,1.6,1.9,3.0,1.5,0.6,0.4,12.5,1,110.0,118.3,-8.3,0.568,0.041,0.01,0.071,9.5,2.03,0.234,0.094,358,486,444,313,549,548,525,265,259,197,86,244
1630699,MarJon Beauchamp,MarJon,1610612755,25.0,14,7,7,0.5,14.0,0.34,0.5,1.8,2.3,1.1,0.9,0.6,0.3,6.8,1,107.5,111.6,-4.0,0.563,0.075,0.033,0.114,11.5,1.15,0.203,0.087,432,229,354,336,312,320,309,91,429,468,156,292
1631204,Marcus Sasser,Marcus,1610612765,25.0,38,28,10,0.737,12.0,0.415,0.2,0.8,1.0,2.0,0.8,0.5,0.1,5.2,1,116.4,103.1,13.4,0.533,0.044,0.016,0.07,10.7,2.42,0.197,0.078,108,36,27,427,538,497,532,304,351,134,174,362
203935,Marcus Smart,Marcus,1610612747,32.0,62,41,21,0.661,28.5,0.331,0.6,2.2,2.8,3.0,1.5,1.4,0.4,9.3,1,117.3,110.6,6.8,0.543,0.05,0.022,0.077,11.4,2.01,0.151,0.059,89,180,81,395,496,445,502,423,420,205,391,492
1641813,Mark Sears,Mark,1610612749,24.0,7,1,6,0.143,3.7,0.5,0.1,0.1,0.3,0.3,0.6,0.0,0.0,3.1,1,123.2,101.8,21.4,0.666,0.049,0.053,0.045,17.4,0.5,0.344,0.078,16,27,10,55,507,193,565,196,555,551,5,367
1631109,Mark Williams,Mark,1610612756,24.0,60,34,26,0.567,23.6,1.0,3.1,4.9,8.0,1.0,1.1,0.9,0.9,11.7,1,111.3,113.3,-2.0,0.68,0.162,0.124,0.201,10.3,0.89,0.167,0.141,305,304,301,38,42,35,56,353,313,527,308,46
1628365,Markelle Fultz,Markelle,1610612761,28.0,5,3,2,0.6,7.2,0.0,0.0,0.2,0.2,1.6,0.8,0.4,0.0,0.8,1,90.4,130.6,-40.2,0.182,0.013,0.0,0.025,17.4,2.0,0.163,0.0,564,574,576,576,578,565,574,5,555,207,327,573
1628963,Marvin Bagley III,Marvin,1610612742,27.0,60,16,44,0.267,20.0,0.462,2.5,3.6,6.1,1.4,1.0,0.5,0.7,10.5,2,109.9,119.0,-9.1,0.661,0.143,0.116,0.171,9.8,1.39,0.18,0.123,365,499,460,59,64,43,110,182,276,402,245,87
203486,Mason Plumlee,Mason,1610612759,36.0,20,10,10,0.5,8.6,0.0,0.9,1.8,2.7,1.0,0.6,0.5,0.0,1.6,2,114.4,116.5,-2.2,0.769,0.159,0.099,0.224,23.1,1.67,0.074,0.084,168,439,305,7,44,71,34,174,573,309,580,317
1641824,Matas Buzelis,Matas,1610612741,21.0,77,28,49,0.364,29.2,0.349,1.0,4.8,5.8,2.1,2.1,0.7,1.5,16.3,1,110.6,116.9,-6.3,0.586,0.094,0.033,0.152,11.5,0.99,0.223,0.097,325,451,403,237,209,322,156,113,427,510,112,223
1629680,Matisse Thybulle,Matisse,1610612757,29.0,30,17,13,0.567,16.0,0.398,0.6,1.4,2.0,0.9,0.9,2.0,0.5,5.8,1,108.8,99.8,9.0,0.6,0.059,0.033,0.087,13.9,0.96,0.144,0.093,398,19,60,186,427,324,444,148,515,513,411,254
1631108,Max Christie,Max,1610612742,23.0,77,24,53,0.312,29.1,0.404,0.2,3.0,3.2,2.0,1.2,0.6,0.4,12.3,1,108.3,115.2,-6.9,0.601,0.052,0.006,0.097,9.3,1.57,0.162,0.079,414,395,418,183,483,561,385,178,237,341,336,359
1642917,Max Shulga,Max,1610612738,24.0,11,8,3,0.727,3.3,0.25,0.3,0.3,0.5,0.2,0.3,0.1,0.0,0.6,1,92.4,100.0,-7.6,0.394,0.076,0.07,0.083,21.4,0.67,0.128,-0.038,561,20,432,562,303,133,467,44,570,541,491,578
1629622,Max Strus,Max,1610612739,30.0,12,9,3,0.75,24.0,0.402,0.8,4.7,5.4,2.0,0.8,0.3,0.0,11.2,1,117.6,117.3,0.3,0.609,0.108,0.031,0.18,6.3,2.67,0.17,0.088,86,462,242,155,148,347,95,160,69,105,291,286
1628467,Maxi Kleber,Maxi,1610612747,34.0,43,20,23,0.465,10.7,0.231,0.8,1.1,2.0,0.6,0.4,0.4,0.3,2.0,1,113.4,110.3,3.1,0.509,0.095,0.084,0.107,13.1,1.59,0.092,0.038,216,170,169,485,203,92,343,324,503,331,571,553
1642875,Maxime Raynaud,Maxime,1610612758,23.0,74,21,53,0.284,26.5,0.324,1.9,5.6,7.5,1.4,1.3,0.5,0.5,12.5,1,110.4,121.3,-10.9,0.619,0.14,0.07,0.211,10.0,1.06,0.178,0.109,338,535,495,126,71,129,44,325,291,487,253,150
1642877,Micah Peavy,Micah,1610612740,24.0,61,17,44,0.279,15.0,0.259,0.8,1.2,1.9,1.0,0.3,0.7,0.1,4.3,1,110.4,114.5,-4.1,0.455,0.059,0.046,0.073,5.4,3.05,0.135,0.044,336,364,355,534,429,227,519,194,45,57,463,546
1630695,Micah Potter,Micah,1610612754,28.0,47,11,36,0.234,19.3,0.423,1.2,3.7,5.0,1.5,1.0,0.5,0.3,9.7,1,108.4,114.8,-6.4,0.679,0.125,0.061,0.193,10.3,1.47,0.174,0.114,408,381,407,39,96,158,70,63,315,386,274,121
1629008,Michael Porter Jr.,Michael,1610612751,28.0,52,14,38,0.269,32.5,0.363,1.3,5.7,7.1,3.0,2.3,1.1,0.3,24.2,1,113.0,119.6,-6.6,0.595,0.11,0.04,0.188,9.3,1.3,0.292,0.141,239,509,412,205,143,273,78,529,231,431,23,48
1628969,Mikal Bridges,Mikal,1610612752,29.0,82,53,29,0.646,32.8,0.371,1.0,2.8,3.8,3.7,1.0,1.3,0.8,14.4,1,118.0,112.0,6.0,0.587,0.057,0.029,0.085,6.0,3.66,0.17,0.099,72,252,102,234,440,371,459,484,57,28,293,211
201144,Mike Conley,Mike,1610612750,38.0,54,33,21,0.611,18.4,0.337,0.3,1.4,1.7,2.9,0.6,0.6,0.3,4.5,1,112.3,112.1,0.2,0.517,0.045,0.017,0.074,7.9,4.62,0.113,0.061,264,254,245,469,535,489,516,224,141,13,532,482
1628970,Miles Bridges,Miles,1610612766,28.0,77,42,35,0.545,31.0,0.333,1.0,4.9,5.8,3.2,1.4,0.6,0.4,17.1,1,118.3,114.8,3.5,0.57,0.092,0.03,0.155,7.1,2.3,0.221,0.114,68,376,154,308,220,353,150,494,91,154,116,126
1642939,Miles Kelly,Miles,1610612742,23.0,14,7,7,0.5,9.6,0.303,0.4,1.4,1.7,0.9,0.4,0.3,0.1,3.1,1,101.3,106.5,-5.1,0.484,0.078,0.032,0.127,9.7,2.0,0.144,0.064,529,75,385,509,289,339,252,48,270,207,412,464
1630540,Miles McBride,Miles,1610612752,25.0,41,25,16,0.61,26.3,0.413,0.6,1.9,2.4,2.6,0.8,0.9,0.2,12.0,1,119.9,110.4,9.5,0.578,0.044,0.02,0.068,5.9,3.21,0.174,0.085,40,175,56,270,542,460,535,498,53,47,278,316
1629011,Mitchell Robinson,Mitchell,1610612752,28.0,60,40,20,0.667,19.6,0.0,4.2,4.6,8.8,0.9,0.7,0.9,1.2,5.7,1,117.7,109.9,7.8,0.676,0.214,0.201,0.227,11.9,1.27,0.102,0.124,84,155,72,42,5,2,29,517,451,436,557,83
1628964,Mo Bamba,Mo,1610612762,28.0,4,3,1,0.75,11.0,0.0,2.5,3.0,5.5,0.3,0.5,0.0,0.8,2.5,2,101.1,114.4,-13.3,0.455,0.218,0.208,0.226,14.3,0.5,0.123,0.091,531,362,527,535,3,1,30,521,522,551,503,265
1642885,Mohamed Diawara,Mohamed,1610612752,21.0,69,42,27,0.609,9.2,0.369,0.2,1.1,1.4,0.8,0.4,0.2,0.1,3.6,1,112.0,106.7,5.3,0.55,0.075,0.024,0.125,9.8,1.77,0.169,0.076,278,81,113,373,308,422,256,447,273,278,296,385
1628420,Monte Morris,Monte,1610612754,31.0,6,0,6,0.0,10.8,0.25,0.2,1.0,1.2,1.5,0.3,0.2,0.2,3.0,1,83.3,104.2,-20.9,0.414,0.044,0.012,0.08,6.1,4.5,0.141,0.076,574,46,557,554,539,539,487,40,60,14,433,383
1629021,Moritz Wagner,Moritz,1610612753,29.0,36,21,15,0.583,11.8,0.314,0.8,2.4,3.2,0.8,0.5,0.4,0.1,6.9,1,107.2,117.2,-10.0,0.545,0.127,0.056,0.207,7.0,1.42,0.237,0.106,444,458,477,390,92,175,47,311,84,393,81,172
1630541,Moses Moody,Moses,1610612744,24.0,60,30,30,0.5,25.7,0.401,0.9,2.5,3.3,1.6,1.0,1.0,0.6,12.1,1,111.1,108.9,2.2,0.6,0.061,0.031,0.092,7.5,1.72,0.174,0.083,311,124,196,187,416,349,420,222,115,293,276,326
1631338,Mouhamadou Gueye,Mouhamadou,1610612741,27.0,2,0,2,0.0,22.7,0.2,1.0,2.0,3.0,3.0,1.5,1.0,0.5,8.0,1,112.0,129.3,-17.3,0.627,0.059,0.039,0.078,13.6,2.0,0.138,0.073,277,571,548,108,431,279,493,78,512,207,445,406
1631243,Mouhamed Gueye,Mouhamed,1610612737,23.0,77,44,33,0.571,15.3,0.308,1.2,2.4,3.6,0.9,0.4,0.8,0.5,4.4,1,112.5,110.1,2.3,0.539,0.111,0.071,0.151,7.9,2.09,0.12,0.075,258,165,189,409,142,125,160,219,135,180,508,389
1630619,Moussa Cisse,Moussa,1610612742,23.0,38,11,27,0.289,13.9,0.0,2.3,3.3,5.7,0.2,0.8,0.5,1.2,4.5,1,111.2,110.7,0.5,0.564,0.182,0.15,0.215,15.8,0.3,0.136,0.087,308,188,237,331,21,9,41,124,543,557,461,295
1631217,Moussa Diabate,Moussa,1610612766,24.0,73,40,33,0.548,26.0,0.5,3.7,5.0,8.7,1.9,1.0,0.8,1.0,7.9,1,122.0,111.5,10.5,0.653,0.164,0.139,0.191,11.2,1.93,0.112,0.108,24,228,50,66,38,21,73,537,407,235,534,159
1626167,Myles Turner,Myles,1610612749,30.0,71,30,41,0.423,26.9,0.383,1.1,4.3,5.3,1.5,1.2,0.7,1.6,11.9,1,109.6,115.8,-6.2,0.584,0.096,0.039,0.152,9.1,1.24,0.181,0.086,370,417,401,248,196,281,158,397,219,444,234,302
1642066,Myron Gardner,Myron,1610612748,25.0,45,24,21,0.533,9.1,0.406,0.9,1.8,2.7,1.0,0.4,0.4,0.2,3.6,1,114.7,106.3,8.4,0.606,0.132,0.079,0.193,8.7,2.59,0.139,0.093,155,70,63,171,84,104,68,28,185,112,443,256
1642368,N'Faly Dante,N'Faly,1610612737,24.0,4,3,1,0.75,3.9,0.0,0.8,1.0,1.8,0.0,0.3,0.5,0.0,0.8,1,109.1,86.7,22.4,0.338,0.206,0.167,0.25,20.0,0.0,0.119,0.116,393,5,8,569,6,4,14,522,563,560,511,112
1641772,Nae'Qwan Tomlin,Nae'Qwan,1610612739,25.0,64,42,22,0.656,15.7,0.235,1.3,1.6,2.9,0.8,0.5,0.6,0.5,5.8,1,114.3,110.7,3.6,0.549,0.088,0.081,0.094,6.8,1.83,0.151,0.069,172,193,150,377,241,96,407,292,80,262,389,439
1630230,Naji Marshall,Naji,1610612742,28.0,74,25,49,0.338,29.5,0.291,0.9,3.8,4.7,3.3,1.6,1.1,0.1,15.2,1,109.7,114.3,-4.6,0.592,0.075,0.028,0.12,9.1,2.03,0.2,0.106,368,356,374,216,307,381,279,111,210,200,169,167
1631466,Nate Williams,Nate,1610612744,27.0,14,2,12,0.143,17.1,0.433,1.4,0.7,2.1,1.0,1.1,0.4,0.0,8.0,1,112.2,127.3,-15.1,0.592,0.064,0.079,0.046,12.1,0.93,0.192,0.056,266,567,539,215,392,105,564,480,458,517,198,504
1629675,Naz Reid,Naz,1610612750,26.0,77,46,31,0.597,26.1,0.362,1.2,5.0,6.2,2.2,1.6,1.0,1.0,13.6,1,113.0,109.9,3.2,0.565,0.113,0.042,0.187,10.3,1.35,0.212,0.112,236,148,167,329,128,250,81,210,326,417,136,135
1629674,Neemias Queta,Neemias,1610612738,26.0,76,52,24,0.684,25.3,0.125,3.0,5.3,8.4,1.7,1.0,0.8,1.3,10.2,1,118.8,105.6,13.2,0.674,0.157,0.118,0.194,9.6,1.68,0.145,0.13,62,60,28,44,45,39,65,575,269,305,406,68
1629651,Nic Claxton,Nic,1610612751,27.0,69,17,52,0.246,27.8,0.158,2.4,4.5,6.9,3.7,1.4,0.7,1.1,11.7,1,107.4,120.3,-12.9,0.592,0.124,0.084,0.167,9.3,2.64,0.175,0.117,436,516,519,214,97,90,120,508,239,108,271,110
1630208,Nick Richards,Nick,1610612741,28.0,48,20,28,0.417,14.6,0.278,1.6,3.5,5.1,0.3,1.2,0.2,0.7,5.8,2,108.9,117.2,-8.4,0.562,0.163,0.103,0.221,18.4,0.27,0.176,0.079,397,460,445,339,41,61,37,252,559,558,268,357
1641733,Nick Smith Jr.,Nick,1610612747,22.0,30,15,15,0.5,12.5,0.395,0.1,0.7,0.8,1.0,0.7,0.3,0.1,6.2,1,110.6,111.7,-1.1,0.552,0.032,0.009,0.054,9.6,1.48,0.212,0.067,332,237,281,367,569,553,556,330,266,384,138,452
1629638,Nickeil Alexander-Walker,Nickeil,1610612737,27.0,78,43,35,0.551,33.4,0.399,0.7,2.8,3.4,3.7,2.1,1.3,0.5,20.8,1,116.1,112.0,4.0,0.61,0.049,0.019,0.079,9.2,1.77,0.23,0.105,120,251,139,148,506,470,492,108,223,279,92,175
201587,Nicolas Batum,Nicolas,1610612746,37.0,74,39,35,0.527,17.5,0.404,0.3,2.2,2.5,0.9,0.5,0.6,0.3,4.0,1,113.2,113.8,-0.5,0.603,0.071,0.018,0.119,10.8,1.73,0.092,0.058,223,332,270,180,344,478,284,479,368,288,570,495
1628502,Nigel Hayes-Davis,Nigel,1610612756,31.0,27,15,12,0.556,7.2,0.125,0.4,0.8,1.2,0.3,0.3,0.3,0.1,1.3,1,95.1,112.8,-17.7,0.356,0.083,0.057,0.113,12.7,0.88,0.116,0.028,556,278,551,567,266,172,314,435,485,531,520,560
203999,Nikola Jokic,Nikola,1610612743,31.0,65,43,22,0.662,34.8,0.38,3.0,9.9,12.9,10.7,3.7,1.4,0.8,27.7,1,126.1,115.3,10.8,0.67,0.185,0.089,0.27,10.7,2.87,0.289,0.213,8,402,48,47,18,82,9,223,353,78,26,3
1631107,Nikola Jovic,Nikola,1610612748,23.0,47,24,23,0.511,17.2,0.269,0.5,2.7,3.3,2.2,1.4,0.6,0.4,7.3,1,109.3,110.1,-0.8,0.48,0.084,0.028,0.137,12.4,1.57,0.203,0.073,384,163,274,512,264,385,209,23,471,344,157,403
1642260,Nikola Topic,Nikola,1610612760,20.0,10,6,4,0.6,16.0,0.4,0.7,1.2,1.9,4.4,2.5,0.5,0.0,5.2,1,107.2,120.8,-13.7,0.489,0.058,0.041,0.075,20.5,1.76,0.204,0.063,446,530,530,506,437,258,510,441,566,280,153,467
202696,Nikola Vucevic,Nikola,1610612738,35.0,64,35,29,0.547,28.4,0.369,2.0,6.4,8.4,3.3,1.3,0.6,0.6,15.1,2,113.1,114.8,-1.7,0.574,0.141,0.067,0.211,7.4,2.51,0.213,0.127,230,378,293,284,68,143,46,276,110,123,135,79
1642363,Nique Clifford,Nique,1610612758,24.0,75,21,54,0.28,25.1,0.333,0.9,2.9,3.8,2.4,1.5,0.9,0.3,8.6,1,111.3,115.8,-4.5,0.505,0.074,0.034,0.115,12.4,1.54,0.167,0.062,304,418,371,490,322,317,306,376,469,356,310,475
1642855,Noa Essengue,Noa,1610612741,19.0,2,1,1,0.5,3.0,0.0,0.0,0.0,0.0,0.0,0.0,0.5,0.0,0.0,1,60.0,171.4,-111.4,0.0,0.0,0.0,0.0,0.0,0.0,0.188,-0.095,580,581,582,579,579,565,577,4,1,560,210,581
1641730,Noah Clowney,Noah,1610612751,21.0,66,17,49,0.258,27.0,0.329,0.8,3.3,4.1,1.6,1.5,0.8,0.7,12.3,1,109.7,118.3,-8.7,0.554,0.077,0.029,0.128,10.8,1.06,0.202,0.072,369,485,453,361,296,378,245,502,375,489,161,415
1642869,Noah Penda,Noah,1610612753,21.0,59,30,29,0.508,12.8,0.323,1.1,2.0,3.2,1.2,0.7,0.5,0.3,3.8,1,110.4,113.4,-3.0,0.506,0.118,0.081,0.159,12.5,1.67,0.14,0.076,339,307,325,489,116,98,136,323,475,309,438,380
1642849,Nolan Traore,Nolan,1610612751,20.0,56,14,42,0.25,22.2,0.318,0.3,1.5,1.8,3.8,2.3,0.8,0.4,8.9,1,108.2,118.8,-10.5,0.479,0.04,0.011,0.073,14.9,1.65,0.224,0.056,417,493,487,514,551,544,520,505,532,316,109,507
1641807,Norchad Omier,Norchad,1610612746,24.0,6,5,1,0.833,3.9,0.0,0.7,0.5,1.2,0.3,0.0,0.2,0.0,2.8,1,92.0,146.8,-54.8,0.751,0.152,0.129,0.2,0.0,0.0,0.18,0.16,563,579,579,13,51,30,59,509,1,560,242,16
1626181,Norman Powell,Norman,1610612748,33.0,58,29,29,0.5,29.6,0.38,0.4,3.1,3.5,2.5,1.9,1.1,0.2,21.7,1,114.7,114.1,0.6,0.609,0.054,0.012,0.097,8.7,1.29,0.262,0.113,157,350,236,156,470,540,380,60,186,432,46,129
1628384,OG Anunoby,OG,1610612752,28.0,67,45,22,0.672,33.2,0.386,1.3,4.0,5.2,2.2,1.8,1.6,0.7,16.7,1,119.4,110.2,9.2,0.62,0.078,0.039,0.116,10.5,1.18,0.194,0.099,47,168,58,122,286,284,300,433,338,463,191,209
1630167,Obi Toppin,Obi,1610612754,28.0,24,4,20,0.167,17.7,0.352,0.5,3.9,4.4,2.3,1.2,0.5,0.0,11.6,1,113.9,117.5,-3.6,0.636,0.12,0.03,0.206,9.3,1.96,0.241,0.143,185,470,342,86,107,357,49,122,240,225,78,38
1630534,Ochai Agbaji,Ochai,1610612751,26.0,62,28,34,0.452,15.7,0.266,0.7,1.5,2.3,0.8,0.5,0.4,0.3,5.1,2,106.4,109.0,-2.7,0.525,0.071,0.046,0.096,8.2,1.52,0.142,0.057,468,129,317,446,343,225,392,409,155,370,424,499
1630846,Olivier Sarr,Olivier,1610612739,27.0,4,3,1,0.75,9.8,0.667,0.5,2.3,2.8,1.3,0.5,0.5,0.8,3.5,1,133.3,106.8,26.5,0.761,0.147,0.069,0.196,12.5,2.5,0.108,0.088,1,84,5,10,59,135,63,19,475,124,540,291
1641765,Olivier-Maxence Prosper,Olivier-Maxence,1610612763,23.0,53,16,37,0.302,18.6,0.405,1.1,2.4,3.5,1.0,0.9,0.8,0.2,10.0,1,110.7,120.4,-9.7,0.662,0.091,0.057,0.127,9.5,1.09,0.183,0.103,324,522,471,58,223,174,248,94,254,482,229,189
1630209,Omer Yurtseven,Omer,1610612744,28.0,9,3,6,0.333,11.6,0.0,1.4,1.9,3.3,0.9,1.0,0.2,0.1,3.8,1,108.4,114.1,-5.7,0.501,0.15,0.133,0.167,17.3,0.89,0.167,0.054,413,348,393,492,54,23,120,97,554,528,306,512
1630168,Onyeka Okongwu,Onyeka,1610612737,25.0,74,41,33,0.554,31.0,0.376,1.9,5.7,7.6,3.1,1.7,1.1,1.1,15.2,1,113.4,111.3,2.1,0.592,0.117,0.058,0.178,9.7,1.82,0.189,0.104,215,224,201,217,120,170,98,107,272,264,204,184
1631115,Orlando Robinson,Orlando,1610612753,25.0,4,2,2,0.5,6.2,0.5,0.5,0.5,1.0,0.8,0.0,0.3,0.0,1.8,1,122.4,144.9,-22.4,0.7,0.089,0.069,0.125,0.0,0.0,0.081,0.074,19,578,560,23,233,135,256,579,1,560,578,398
1631131,Oscar Tshiebwe,Oscar,1610612762,26.0,27,3,24,0.111,16.6,0.0,2.9,3.8,6.6,1.2,0.8,0.6,0.2,7.8,1,110.9,118.9,-8.0,0.633,0.185,0.151,0.224,9.6,1.52,0.162,0.125,317,495,437,93,16,8,33,92,268,364,335,81
1642345,Oso Ighodaro,Oso,1610612756,23.0,82,45,37,0.549,22.1,0.0,1.7,3.4,5.1,2.3,1.2,0.9,0.7,6.5,1,114.8,109.7,5.1,0.636,0.113,0.071,0.158,14.4,1.83,0.12,0.09,153,141,117,88,132,124,141,504,527,261,509,278
1631172,Ousmane Dieng,Ousmane,1610612749,23.0,57,33,24,0.579,19.3,0.341,0.5,2.6,3.2,2.4,1.3,0.4,0.3,7.6,2,108.7,117.3,-8.6,0.516,0.081,0.026,0.136,11.9,1.81,0.192,0.075,401,463,450,474,277,407,210,431,452,265,197,387
1629023,P.J. Washington,P.J.,1610612742,27.0,56,16,40,0.286,31.0,0.325,1.5,5.5,7.0,1.8,1.7,1.0,1.1,14.2,1,107.0,114.4,-7.3,0.537,0.105,0.045,0.162,10.1,1.04,0.194,0.093,456,359,426,415,159,233,131,137,307,491,189,253
1641790,PJ Hall,PJ,1610612766,24.0,19,7,12,0.368,11.2,0.6,1.7,2.2,3.9,0.5,0.8,0.2,0.5,4.5,2,108.4,113.9,-5.4,0.599,0.163,0.146,0.18,16.3,0.63,0.17,0.098,409,337,388,190,40,14,94,303,546,544,292,214
1642359,Pacome Dadiet,Pacôme,1610612752,20.0,29,18,11,0.621,4.7,0.219,0.1,0.8,0.9,0.4,0.1,0.1,0.0,1.7,1,98.6,100.3,-1.7,0.454,0.092,0.027,0.156,4.4,4.0,0.167,0.085,544,24,292,536,221,396,143,289,35,20,310,309
1631094,Paolo Banchero,Paolo,1610612753,23.0,72,38,34,0.528,34.7,0.305,1.2,7.2,8.4,5.2,3.1,0.7,0.6,22.2,1,114.0,114.1,-0.2,0.566,0.119,0.034,0.204,11.0,1.68,0.274,0.138,183,354,263,325,112,319,52,357,391,304,33,52
1627783,Pascal Siakam,Pascal,1610612754,32.0,62,17,45,0.274,33.2,0.358,1.4,5.2,6.6,3.8,2.2,1.1,0.4,24.0,1,111.5,117.2,-5.6,0.562,0.095,0.041,0.151,8.2,1.71,0.292,0.13,298,457,390,342,205,265,159,202,151,295,24,70
1626192,Pat Connaughton,Pat,1610612766,33.0,42,25,17,0.595,7.1,0.404,0.4,1.1,1.5,0.4,0.3,0.3,0.0,2.6,1,97.2,101.5,-4.3,0.586,0.099,0.047,0.153,8.9,1.64,0.15,0.117,551,25,364,236,185,217,154,563,202,318,394,109
1630311,Pat Spencer,Pat,1610612744,29.0,66,30,36,0.455,18.6,0.357,0.8,1.6,2.4,3.5,1.3,0.7,0.1,7.2,1,112.1,115.6,-3.4,0.516,0.065,0.041,0.091,10.9,2.73,0.185,0.087,269,410,338,472,383,264,422,436,381,94,219,301
1631116,Patrick Baldwin Jr.,Patrick,1610612758,23.0,9,3,6,0.333,11.4,0.429,1.3,1.2,2.6,0.6,0.6,0.3,0.6,3.7,3,100.0,117.2,-17.2,0.549,0.106,0.103,0.11,12.5,1.0,0.142,0.052,535,459,546,378,154,63,326,419,475,496,421,520
1630172,Patrick Williams,Patrick,1610612741,24.0,72,24,48,0.333,20.5,0.347,0.7,2.3,3.0,1.5,1.0,0.7,0.4,7.0,1,103.8,114.8,-11.0,0.494,0.067,0.03,0.106,10.9,1.4,0.159,0.057,503,377,497,501,363,365,346,61,377,400,353,501
202331,Paul George,Paul,1610612755,36.0,37,22,15,0.595,30.7,0.392,0.5,4.8,5.3,3.6,1.7,1.7,0.4,17.3,1,115.0,111.4,3.6,0.57,0.081,0.017,0.147,8.5,2.08,0.229,0.117,145,226,151,306,273,494,173,411,170,184,94,106
1630194,Paul Reed,Paul,1610612765,27.0,65,47,18,0.723,13.9,0.325,2.0,2.5,4.5,1.2,0.9,0.9,0.9,7.8,1,112.5,104.4,8.1,0.65,0.159,0.142,0.176,11.0,1.38,0.2,0.153,256,49,66,69,43,18,103,296,388,407,167,24
1630202,Payton Pritchard,Payton,1610612738,28.0,79,54,25,0.684,32.3,0.377,0.9,3.1,3.9,5.2,1.4,0.7,0.1,17.0,1,120.1,112.1,8.0,0.584,0.059,0.026,0.09,6.5,3.74,0.21,0.12,38,255,70,247,432,402,426,576,73,26,142,99
1642362,Payton Sandfort,Payton,1610612760,23.0,4,2,2,0.5,15.8,0.412,0.3,2.3,2.5,0.0,0.3,0.3,0.0,8.8,1,111.8,125.7,-14.0,0.63,0.075,0.014,0.145,3.4,0.0,0.186,0.066,283,562,532,99,313,514,180,195,27,560,213,459
1641796,Pelle Larsson,Pelle,1610612748,25.0,70,38,32,0.543,26.4,0.323,1.0,2.5,3.5,3.4,1.4,0.7,0.2,11.4,1,115.7,113.3,2.4,0.605,0.062,0.035,0.088,10.2,2.34,0.165,0.084,129,305,188,172,412,305,435,66,308,144,322,322
1631250,Pete Nance,Pete,1610612749,26.0,47,14,33,0.298,15.7,0.42,0.6,2.1,2.7,1.0,0.6,0.3,0.3,5.4,1,112.2,117.4,-5.2,0.639,0.086,0.038,0.135,9.5,1.85,0.132,0.078,267,465,386,79,247,291,222,535,257,255,476,371
1631212,Peyton Watson,Peyton,1610612743,23.0,54,36,18,0.667,29.6,0.411,0.9,4.0,4.9,2.1,1.7,0.9,1.1,14.6,1,123.7,117.6,6.2,0.594,0.083,0.033,0.127,10.7,1.19,0.204,0.087,13,471,95,209,267,326,251,455,359,462,152,293
1630173,Precious Achiuwa,Precious,1610612758,26.0,73,20,53,0.274,23.9,0.278,2.4,4.3,6.7,1.4,0.9,0.9,0.7,10.1,1,110.9,118.1,-7.2,0.558,0.139,0.098,0.18,7.9,1.55,0.172,0.102,316,483,423,352,73,72,93,406,132,352,283,192
1629656,Quentin Grimes,Quentin,1610612755,26.0,75,42,33,0.56,29.4,0.334,0.6,3.0,3.6,3.3,1.8,0.9,0.4,13.4,1,112.4,112.4,-0.1,0.585,0.058,0.02,0.096,10.8,1.83,0.183,0.092,262,268,257,241,435,462,390,322,371,259,227,263
1631245,Quenton Jackson,Quenton,1610612754,27.0,49,10,39,0.204,18.3,0.356,0.6,1.8,2.3,2.9,1.3,0.6,0.1,9.1,1,109.1,112.9,-3.8,0.589,0.061,0.03,0.092,10.7,2.26,0.2,0.096,392,286,350,226,415,360,418,69,351,161,164,230
1642366,Quinten Post,Quinten,1610612744,26.0,67,32,35,0.478,17.3,0.336,1.0,3.0,4.0,1.4,0.8,0.4,0.5,7.7,1,112.4,110.2,2.3,0.56,0.111,0.057,0.165,9.2,1.68,0.183,0.089,259,167,194,348,138,173,127,300,225,306,226,281
1629628,RJ Barrett,RJ,1610612761,26.0,57,34,23,0.596,30.3,0.339,1.0,4.3,5.3,3.3,1.7,0.7,0.3,19.3,1,118.4,113.5,4.9,0.585,0.088,0.033,0.141,8.1,1.91,0.254,0.112,65,315,122,243,239,325,189,366,148,242,57,133
1642853,Rasheer Fleming,Rasheer,1610612756,21.0,55,29,26,0.527,12.2,0.346,1.0,1.2,2.3,0.3,0.5,0.4,0.4,4.3,1,112.7,106.6,6.1,0.517,0.089,0.08,0.099,10.5,0.55,0.159,0.056,250,77,100,468,231,102,375,560,339,549,356,505
1642484,RayJ Dennis,RayJ,1610612737,25.0,17,3,14,0.176,12.1,0.311,0.5,1.1,1.5,1.9,1.0,0.2,0.2,4.4,3,95.8,110.0,-14.2,0.425,0.053,0.03,0.081,12.4,1.94,0.195,0.051,554,157,534,549,477,363,485,74,472,231,187,525
1641712,Rayan Rupert,Rayan,1610612763,22.0,64,29,35,0.453,16.8,0.324,0.8,2.2,2.9,1.1,0.9,0.9,0.1,5.2,2,103.5,117.0,-13.6,0.493,0.082,0.04,0.129,12.0,1.24,0.148,0.055,507,454,528,502,270,274,239,198,453,446,401,510
1642263,Reed Sheppard,Reed,1610612745,22.0,82,52,30,0.634,26.2,0.394,0.3,2.6,2.9,3.4,1.5,1.5,0.7,13.5,1,115.9,111.6,4.3,0.564,0.053,0.012,0.092,8.9,2.25,0.21,0.102,125,234,132,333,482,534,416,490,199,164,146,196
1642434,Riley Minix,Riley,1610612739,25.0,9,7,2,0.778,6.5,0.333,0.2,0.4,0.7,0.6,0.3,0.2,0.1,3.9,2,129.3,108.5,20.8,0.72,0.055,0.042,0.066,9.4,1.67,0.176,0.114,3,116,11,20,460,254,542,20,243,309,266,124
1642265,Rob Dillingham,Rob,1610612741,21.0,65,29,36,0.446,14.9,0.316,0.3,1.7,2.0,2.2,1.5,0.7,0.1,6.3,2,105.9,113.3,-7.4,0.469,0.062,0.018,0.105,14.7,1.43,0.218,0.06,477,303,427,525,407,483,349,47,528,390,125,490
1629057,Robert Williams III,Robert,1610612757,28.0,59,30,29,0.508,17.1,0.391,2.4,4.6,7.0,1.0,0.8,0.6,1.5,6.7,1,110.6,107.2,3.4,0.722,0.192,0.133,0.25,12.7,1.22,0.129,0.163,326,88,156,19,11,24,13,206,484,449,486,12
1642911,Rocco Zikarsky,Rocco,1610612750,19.0,5,1,4,0.2,7.3,0.0,0.4,2.4,2.8,0.4,0.2,0.0,1.0,2.8,1,122.4,116.2,6.2,0.717,0.177,0.067,0.245,7.7,2.0,0.131,0.151,20,433,97,21,27,146,18,492,120,207,478,27
1631199,Ron Harper Jr.,Ron,1610612738,26.0,29,22,7,0.759,10.9,0.35,0.5,1.1,1.7,0.8,0.3,0.3,0.3,4.2,1,111.6,109.0,2.7,0.55,0.072,0.043,0.101,5.6,2.75,0.158,0.086,295,126,180,372,339,241,362,572,47,87,358,305
1641842,Ronald Holland II,Ronald,1610612765,20.0,78,56,22,0.718,19.9,0.253,1.1,3.0,4.0,1.2,1.2,1.2,0.3,8.2,1,110.2,104.5,5.7,0.525,0.097,0.052,0.141,12.1,0.99,0.184,0.085,350,50,108,448,193,203,191,284,459,511,222,314
1626220,Royce O'Neale,Royce,1610612756,33.0,78,43,35,0.551,28.4,0.408,0.8,4.0,4.8,2.7,1.3,1.1,0.4,9.8,1,111.4,115.1,-3.6,0.596,0.081,0.025,0.139,10.8,2.02,0.139,0.082,300,390,344,201,275,413,198,383,370,203,441,339
203497,Rudy Gobert,Rudy,1610612750,34.0,76,46,30,0.605,31.3,0.0,3.9,7.5,11.5,1.7,1.4,0.8,1.6,10.9,1,113.0,108.0,5.0,0.664,0.173,0.121,0.222,12.3,1.21,0.127,0.121,235,98,119,57,31,37,35,315,468,458,494,95
1629060,Rui Hachimura,Rui,1610612747,28.0,68,47,21,0.691,28.3,0.443,0.6,2.7,3.3,0.8,0.6,0.6,0.3,11.5,1,116.4,114.4,2.0,0.62,0.06,0.023,0.094,5.8,1.36,0.149,0.073,110,361,204,121,421,433,406,371,49,416,397,402
201566,Russell Westbrook,Russell,1610612758,37.0,64,16,48,0.25,28.9,0.338,1.3,4.2,5.4,6.7,3.3,1.3,0.2,15.2,1,110.0,122.1,-12.1,0.528,0.093,0.042,0.147,13.4,2.04,0.252,0.105,355,541,509,439,216,253,172,263,508,196,61,174
1642346,Ryan Dunn,Ryan,1610612756,23.0,70,40,30,0.571,19.4,0.331,1.4,2.8,4.2,1.5,0.8,0.9,0.4,5.8,1,110.4,108.7,1.7,0.532,0.105,0.068,0.142,10.3,1.82,0.136,0.081,337,121,208,431,158,140,188,527,324,263,462,344
1641750,Ryan Kalkbrenner,Ryan,1610612766,24.0,69,39,30,0.565,21.4,0.0,2.4,3.0,5.5,0.8,0.9,0.5,1.5,7.6,1,112.3,111.2,1.1,0.762,0.121,0.109,0.133,13.5,0.87,0.113,0.108,263,219,225,9,101,52,229,404,511,532,529,158
1642948,Ryan Nembhard,Ryan,1610612742,23.0,60,20,40,0.333,19.5,0.356,0.2,2.0,2.2,5.3,1.4,0.4,0.0,6.6,1,111.2,113.1,-1.9,0.492,0.054,0.011,0.095,10.6,3.72,0.173,0.087,309,297,299,503,469,542,399,280,341,27,279,299
1631157,Ryan Rollins,Ryan,1610612749,23.0,74,29,45,0.392,32.1,0.406,0.7,3.8,4.6,5.6,2.7,1.5,0.4,17.3,1,113.3,116.5,-3.2,0.583,0.07,0.023,0.115,11.7,2.06,0.236,0.111,221,438,333,250,348,431,305,449,440,190,82,143
1630180,Saddiq Bey,Saddiq,1610612740,27.0,72,24,48,0.333,31.2,0.367,1.7,3.9,5.6,2.5,0.9,0.9,0.1,17.7,1,113.3,116.8,-3.6,0.579,0.085,0.051,0.12,5.1,2.68,0.213,0.112,220,449,341,263,250,204,283,271,43,103,134,134
1630573,Sam Hauser,Sam,1610612738,28.0,78,54,24,0.692,24.8,0.393,0.7,3.1,3.8,1.5,0.4,0.5,0.3,9.2,1,119.8,111.0,8.8,0.59,0.073,0.028,0.118,4.6,3.26,0.141,0.08,41,208,61,225,325,390,288,557,37,44,431,353
1630241,Sam Merrill,Sam,1610612739,30.0,52,37,15,0.712,26.5,0.421,0.5,2.0,2.6,2.4,0.8,0.6,0.1,12.8,1,120.3,112.6,7.7,0.644,0.047,0.02,0.072,6.2,2.98,0.167,0.081,36,271,74,73,525,461,521,313,68,69,315,341
1630572,Sandro Mamukelashvili,Sandro,1610612761,27.0,80,44,36,0.55,21.9,0.389,1.4,3.6,4.9,1.9,0.8,0.8,0.5,11.2,1,114.9,109.7,5.3,0.637,0.111,0.06,0.163,7.3,2.25,0.181,0.123,149,143,114,83,141,160,129,342,102,163,236,86
1630583,Santi Aldama,Santi,1610612763,25.0,43,19,24,0.442,27.9,0.35,1.6,5.1,6.7,2.9,1.3,0.9,0.7,14.0,1,113.6,116.0,-2.4,0.572,0.112,0.052,0.171,7.9,2.29,0.191,0.115,206,429,313,302,133,199,112,165,139,156,200,116
1630703,Scoot Henderson,Scoot,1610612757,22.0,30,18,12,0.6,24.9,0.352,0.6,2.1,2.7,3.7,2.4,0.9,0.3,14.2,1,112.2,109.0,3.2,0.553,0.05,0.022,0.078,12.7,1.53,0.246,0.086,268,128,166,364,497,438,494,171,488,360,69,304
1630567,Scottie Barnes,Scottie,1610612761,24.0,80,45,35,0.563,33.5,0.304,1.9,5.6,7.5,5.9,2.6,1.4,1.5,18.1,1,114.6,110.0,4.6,0.577,0.11,0.055,0.166,10.9,2.26,0.226,0.139,164,162,126,274,144,182,124,354,376,162,102,50
1630590,Scotty Pippen Jr.,Scotty,1610612763,25.0,10,2,8,0.2,21.2,0.313,0.8,1.4,2.2,4.7,2.7,1.9,0.4,11.4,1,107.1,118.7,-11.5,0.537,0.05,0.035,0.065,15.1,1.74,0.255,0.086,452,492,505,416,500,303,543,88,536,286,56,303
1642951,Sean Pedulla,Sean,1610612746,23.0,7,4,3,0.571,4.4,0.3,0.0,0.4,0.4,0.7,0.1,0.0,0.0,1.9,1,82.5,112.5,-30.0,0.433,0.048,0.0,0.13,4.8,5.0,0.219,0.05,575,269,569,546,509,565,236,510,39,8,121,532
203552,Seth Curry,Seth,1610612744,35.0,10,1,9,0.1,13.3,0.48,0.4,0.8,1.2,1.0,0.2,0.3,0.0,7.1,1,116.0,119.0,-3.0,0.654,0.049,0.029,0.075,3.1,5.0,0.169,0.093,123,501,326,63,503,374,511,428,25,8,297,246
1631101,Shaedon Sharpe,Shaedon,1610612757,23.0,50,24,26,0.48,29.4,0.337,1.0,3.3,4.3,2.6,2.9,1.4,0.1,20.8,1,112.4,113.7,-1.3,0.546,0.068,0.032,0.104,12.0,0.9,0.293,0.108,260,324,285,386,360,337,352,132,455,525,22,157
1628983,Shai Gilgeous-Alexander,Shai,1610612760,27.0,68,56,12,0.824,33.2,0.386,0.6,3.7,4.3,6.6,2.2,1.4,0.8,31.1,1,121.5,105.2,16.3,0.665,0.062,0.017,0.1,6.9,2.97,0.323,0.207,26,57,20,56,411,488,369,287,81,71,9,6
1630536,Sharife Cooper,Sharife,1610612764,25.0,41,6,35,0.146,17.1,0.382,0.4,1.7,2.1,3.0,1.5,0.4,0.1,8.1,1,108.4,120.1,-11.7,0.609,0.061,0.025,0.098,13.3,2.03,0.197,0.094,412,515,507,159,419,416,376,149,507,198,177,240
1631321,Sidy Cissoko,Sidy,1610612757,22.0,75,39,36,0.52,19.1,0.298,0.8,1.4,2.2,1.5,0.9,0.7,0.3,5.1,1,109.2,110.9,-1.7,0.514,0.056,0.041,0.071,12.7,1.57,0.123,0.036,388,204,294,477,454,261,529,226,486,342,501,554
1631323,Simone Fontecchio,Simone,1610612748,30.0,70,36,34,0.514,16.7,0.375,0.8,2.2,3.0,1.4,0.7,0.5,0.1,8.5,1,113.8,110.5,3.3,0.579,0.08,0.042,0.118,7.5,2.06,0.184,0.09,194,178,160,266,282,252,289,72,111,188,223,272
1642883,Sion James,Sion,1610612766,23.0,82,44,38,0.537,22.5,0.352,0.6,2.9,3.5,2.0,0.8,0.6,0.2,5.4,1,113.2,110.0,3.3,0.531,0.075,0.026,0.124,10.1,2.51,0.109,0.062,222,156,162,432,306,406,265,474,302,122,537,474
1627746,Skal Labissiere,Skal,1610612764,30.0,3,2,1,0.667,12.5,0.2,1.0,2.0,3.0,1.0,0.3,0.7,0.3,4.3,1,110.4,106.4,4.0,0.65,0.107,0.07,0.146,7.1,3.0,0.117,0.124,340,74,141,70,150,133,174,475,93,59,518,85
1642461,Spencer Jones,Spencer,1610612743,25.0,64,41,23,0.641,22.1,0.396,1.2,2.1,3.3,0.8,0.5,0.8,0.5,5.5,1,116.9,115.3,1.6,0.619,0.073,0.055,0.09,8.4,1.65,0.097,0.045,103,397,211,127,327,181,427,463,166,317,563,541
1630649,Stanley Umude,Stanley,1610612759,27.0,2,2,0,1.0,3.3,0.0,0.0,0.0,0.0,0.5,0.0,0.5,0.0,1.0,1,57.1,166.7,-109.5,0.5,0.0,0.0,0.0,0.0,0.0,0.143,0.029,581,580,581,495,579,565,577,50,1,560,417,558
201939,Stephen Curry,Stephen,1610612744,38.0,43,24,19,0.558,30.9,0.393,0.4,3.2,3.6,4.7,2.8,1.1,0.4,26.6,1,117.6,114.8,2.8,0.637,0.057,0.013,0.1,10.0,1.68,0.308,0.146,85,380,179,84,446,531,370,152,293,307,15,35
1642264,Stephon Castle,Stephon,1610612759,21.0,68,51,17,0.75,30.0,0.332,1.4,3.9,5.3,7.4,3.2,1.1,0.3,16.7,1,118.2,108.4,9.8,0.575,0.084,0.047,0.119,12.7,2.31,0.243,0.117,69,113,54,282,261,222,287,250,489,152,75,108
203500,Steven Adams,Steven,1610612745,32.0,32,21,11,0.656,22.8,0.0,4.5,4.1,8.6,1.5,1.1,0.7,0.6,5.8,1,117.3,105.5,11.8,0.535,0.177,0.189,0.165,13.5,1.37,0.116,0.1,87,59,39,418,28,3,125,544,510,411,522,206
1629004,Svi Mykhailiuk,Svi,1610612762,29.0,50,14,36,0.28,23.1,0.408,0.7,1.8,2.5,1.9,0.8,0.5,0.1,9.4,1,114.9,117.9,-3.0,0.626,0.051,0.029,0.074,8.3,2.21,0.143,0.074,150,480,327,110,493,377,514,147,160,168,414,399
204456,T.J. McConnell,T.J.,1610612754,34.0,56,15,41,0.268,17.2,0.32,0.4,1.8,2.2,5.1,1.1,1.0,0.2,9.4,1,109.1,116.7,-7.6,0.567,0.063,0.022,0.104,7.9,4.48,0.227,0.15,390,444,431,321,398,440,353,153,133,16,99,31
1643007,Taelon Peter,Taelon,1610612754,24.0,38,6,32,0.158,13.0,0.328,0.3,1.3,1.6,1.1,0.7,0.7,0.1,4.5,1,103.2,111.8,-8.7,0.518,0.057,0.019,0.096,11.7,1.48,0.159,0.057,513,242,454,464,442,467,394,76,437,382,355,500
201959,Taj Gibson,Taj,1610612763,41.0,10,1,9,0.1,9.7,0.5,1.1,1.6,2.7,0.6,0.1,0.2,0.1,3.4,1,103.2,107.9,-4.7,0.576,0.121,0.092,0.152,2.7,6.0,0.123,0.081,510,97,379,277,105,80,155,38,23,2,502,342
1631106,Tari Eason,Tari,1610612745,25.0,60,38,22,0.633,25.8,0.358,2.1,4.2,6.3,1.5,1.4,1.2,0.5,10.5,1,116.1,109.6,6.5,0.514,0.116,0.077,0.156,10.4,1.11,0.181,0.083,119,140,87,476,123,108,146,476,332,473,237,327
1627752,Taurean Prince,Taurean,1610612749,32.0,26,10,16,0.385,23.5,0.436,0.2,3.0,3.1,1.8,1.2,0.6,0.2,9.2,1,113.7,117.5,-3.8,0.617,0.067,0.007,0.125,11.5,1.48,0.157,0.073,201,469,351,130,368,560,262,430,425,381,366,407
1641707,Taylor Hendricks,Taylor,1610612763,22.0,59,12,47,0.203,19.0,0.342,1.1,2.6,3.7,0.9,0.8,0.8,0.5,7.4,2,108.4,119.1,-10.7,0.566,0.096,0.054,0.141,10.3,1.1,0.157,0.077,410,503,490,326,200,188,190,188,318,478,363,375
1629611,Terance Mann,Terance,1610612751,29.0,63,15,48,0.238,24.3,0.364,1.1,2.1,3.2,3.0,1.1,0.7,0.2,7.2,1,109.6,117.8,-8.2,0.564,0.066,0.044,0.089,10.7,2.68,0.133,0.066,371,474,442,332,377,235,432,523,358,104,471,458
1630545,Terrence Shannon Jr.,Terrence,1610612750,25.0,43,24,19,0.558,12.5,0.408,0.2,0.9,1.1,0.9,0.6,0.3,0.0,5.6,1,112.0,120.5,-8.5,0.597,0.045,0.018,0.074,9.0,1.58,0.171,0.069,276,524,448,197,536,485,517,211,206,335,288,441
203648,Thanasis Antetokounmpo,Thanasis,1610612749,33.0,34,9,25,0.265,4.4,0.0,0.4,0.5,0.9,0.4,0.3,0.4,0.2,1.4,1,97.4,94.3,3.1,0.52,0.096,0.071,0.125,14.3,1.5,0.154,0.094,548,11,171,462,198,122,256,244,522,373,376,242
1628418,Thomas Bryant,Thomas,1610612739,28.0,60,37,23,0.617,12.2,0.359,1.0,2.4,3.4,0.6,0.5,0.3,0.4,6.2,1,114.4,110.7,3.6,0.625,0.129,0.074,0.184,7.9,1.18,0.182,0.115,170,192,149,112,88,113,83,235,131,464,233,115
1642275,Tidjane Salaun,Tidjane,1610612766,20.0,37,19,18,0.514,15.6,0.434,0.7,3.3,4.0,0.7,0.7,0.4,0.2,6.0,1,113.2,111.1,2.1,0.629,0.125,0.044,0.205,11.3,1.04,0.147,0.102,224,212,200,105,95,234,51,473,412,492,402,195
203501,Tim Hardaway Jr.,Tim,1610612743,34.0,80,52,28,0.65,26.6,0.407,0.2,2.4,2.6,1.4,0.5,0.5,0.1,13.5,1,119.4,114.9,4.5,0.624,0.047,0.008,0.082,4.3,2.51,0.177,0.085,45,384,129,115,527,558,474,338,34,121,258,312
202699,Tobias Harris,Tobias,1610612765,33.0,63,46,17,0.73,27.7,0.368,0.9,4.3,5.1,2.5,1.0,0.9,0.4,13.3,1,118.6,108.6,10.0,0.574,0.088,0.03,0.145,6.7,2.49,0.181,0.112,63,119,52,285,240,359,179,364,78,128,239,137
1643253,Toby Okani,Toby,1610612763,24.0,6,0,6,0.0,36.2,0.29,1.5,2.0,3.5,1.0,0.5,0.7,0.5,10.0,1,100.0,128.1,-28.1,0.408,0.043,0.034,0.053,3.6,2.0,0.142,0.013,535,569,566,558,544,313,559,34,29,207,428,570
1642449,Tolu Smith,Tolu,1610612765,25.0,15,11,4,0.733,9.2,0.0,1.5,1.8,3.3,0.9,0.5,0.1,0.4,3.7,1,106.9,104.6,2.3,0.569,0.185,0.161,0.211,9.9,1.86,0.177,0.117,459,52,193,311,17,5,45,553,282,252,260,105
1628396,Tony Bradley,Tony,1610612737,28.0,41,10,31,0.244,11.0,0.5,1.5,1.4,2.8,0.5,0.4,0.1,0.2,4.0,2,104.6,118.8,-14.2,0.596,0.121,0.111,0.133,10.2,1.22,0.136,0.074,497,494,535,202,102,48,227,260,309,451,454,394
1641787,Tosan Evbuomwan,Tosan,1610612766,25.0,5,4,1,0.8,1.5,0.0,0.2,0.2,0.4,0.0,0.0,0.0,0.0,0.0,1,50.0,100.0,-50.0,0.0,0.087,0.091,0.083,0.0,0.0,0.048,-0.043,582,20,578,579,244,81,467,16,1,560,582,579
1641739,Toumani Camara,Toumani,1610612757,26.0,82,42,40,0.512,33.3,0.37,1.6,3.6,5.1,2.5,1.8,1.1,0.4,13.4,1,114.3,113.0,1.3,0.578,0.072,0.043,0.103,11.1,1.4,0.16,0.073,171,294,222,269,333,243,354,251,396,401,344,408
1629027,Trae Young,Trae,1610612764,27.0,15,2,13,0.133,25.6,0.338,0.3,1.7,2.0,8.0,2.6,0.9,0.1,17.9,2,116.1,124.1,-8.1,0.612,0.037,0.009,0.067,10.4,3.08,0.262,0.128,121,559,439,143,560,550,538,22,331,56,45,77
1631218,Trayce Jackson-Davis,Trayce,1610612761,26.0,53,29,24,0.547,9.4,1.0,1.2,1.5,2.7,0.7,0.4,0.3,0.5,3.4,2,102.9,110.5,-7.6,0.578,0.14,0.124,0.158,10.5,1.7,0.142,0.1,519,176,430,271,69,36,139,146,337,300,423,203
1642848,Tre Johnson,Tre,1610612764,20.0,60,12,48,0.2,24.0,0.358,0.5,2.4,2.8,2.0,1.6,0.6,0.3,12.2,1,108.7,119.9,-11.2,0.535,0.055,0.018,0.093,10.3,1.31,0.22,0.068,403,511,501,419,461,479,412,109,327,426,119,447
1630200,Tre Jones,Tre,1610612741,26.0,65,27,38,0.415,27.0,0.315,0.6,2.6,3.1,5.4,1.4,1.2,0.2,14.1,1,111.0,114.8,-3.8,0.637,0.054,0.02,0.088,7.9,3.8,0.186,0.126,315,374,348,82,468,459,440,46,140,24,215,80
1630544,Tre Mann,Tre,1610612766,25.0,53,30,23,0.566,12.6,0.323,0.4,1.4,1.7,1.6,1.0,0.5,0.1,5.5,1,105.8,115.9,-10.1,0.462,0.068,0.028,0.114,11.8,1.59,0.231,0.062,481,421,482,528,358,389,308,552,448,326,88,479
1630570,Trendon Watford,Trendon,1610612755,25.0,53,27,26,0.509,16.3,0.2,0.7,2.6,3.3,2.5,1.2,0.3,0.4,6.5,1,106.5,115.6,-9.1,0.573,0.094,0.041,0.146,12.9,2.06,0.17,0.093,465,412,461,295,207,257,175,180,496,187,295,248
1642280,Trentyn Flowers,Trentyn,1610612741,21.0,2,0,2,0.0,2.8,0.0,0.5,0.0,0.5,0.5,0.5,0.0,0.0,2.0,1,81.8,100.0,-18.2,0.667,0.077,0.1,0.0,20.0,1.0,0.25,0.128,576,20,554,51,297,68,577,578,563,496,63,72
1630286,Trevon Scott,Trevon,1610612751,29.0,6,2,4,0.333,30.4,0.316,1.7,3.5,5.2,1.7,0.7,1.3,0.8,8.0,1,105.8,122.8,-16.9,0.456,0.089,0.053,0.133,6.1,2.5,0.136,0.053,479,553,545,533,232,193,228,459,60,124,460,516
1631211,Trevor Keels,Trevor,1610612748,22.0,8,6,2,0.75,1.9,0.222,0.0,0.3,0.3,0.0,0.0,0.1,0.0,1.0,1,87.5,69.8,17.7,0.333,0.047,0.0,0.083,0.0,0.0,0.261,0.039,571,2,14,570,529,565,467,1,1,560,49,550
1641725,Trey Alexander,Trey,1610612740,23.0,9,2,7,0.222,12.3,0.5,0.1,1.1,1.2,1.0,0.3,0.7,0.2,5.2,1,112.0,119.0,-7.0,0.599,0.045,0.008,0.083,5.9,3.0,0.148,0.078,274,500,421,189,532,557,473,89,54,59,398,366
1641998,Trey Jemison III,Trey,1610612752,26.0,13,10,3,0.769,6.3,0.0,0.6,0.8,1.4,0.4,0.8,0.1,0.2,1.0,1,96.1,112.9,-16.8,0.623,0.101,0.086,0.118,40.0,0.5,0.099,0.027,553,284,544,117,172,88,293,81,582,551,561,562
1630530,Trey Murphy III,Trey,1610612740,26.0,66,21,45,0.318,35.5,0.379,1.0,4.8,5.7,3.8,1.8,1.5,0.4,21.5,1,113.6,117.2,-3.6,0.613,0.078,0.026,0.131,7.9,2.08,0.223,0.122,205,461,346,139,288,405,234,298,137,182,110,90
1642400,Tristan Enaruna,Tristan,1610612739,25.0,9,8,1,0.889,9.5,0.3,0.8,0.8,1.6,0.8,0.3,0.6,0.0,4.1,1,123.5,101.7,21.7,0.587,0.09,0.096,0.085,7.3,2.33,0.16,0.105,14,26,9,233,228,79,451,437,103,145,348,177
1641774,Tristan Vukcevic,Tristan,1610612764,23.0,49,8,41,0.163,13.7,0.347,0.7,2.3,3.0,1.1,1.3,0.5,0.7,9.0,1,103.5,118.5,-15.1,0.603,0.104,0.046,0.162,12.9,0.89,0.259,0.11,508,491,540,181,160,231,130,58,498,529,52,144
1641783,Tristan da Silva,Tristan,1610612753,25.0,77,43,34,0.558,24.7,0.374,0.8,2.9,3.7,1.6,0.9,0.9,0.3,9.9,1,113.2,111.6,1.6,0.576,0.073,0.03,0.115,8.1,1.8,0.16,0.085,226,232,213,278,332,368,304,359,146,270,349,308
1641803,Tristen Newton,Tristen,1610612745,25.0,1,1,0,1.0,12.0,0.4,2.0,1.0,3.0,0.0,0.0,1.0,0.0,12.0,1,128.0,120.0,8.0,0.581,0.111,0.143,0.077,0.0,0.0,0.345,0.149,5,512,69,255,139,16,503,425,1,560,4,34
1629660,Ty Jerome,Ty,1610612763,28.0,15,3,12,0.2,22.6,0.42,0.7,2.1,2.8,5.7,1.8,1.1,0.3,19.7,1,122.2,127.2,-5.0,0.616,0.065,0.035,0.093,7.8,3.15,0.332,0.162,23,566,384,134,385,304,409,444,127,51,7,14
1631102,TyTy Washington Jr.,TyTy,1610612746,24.0,16,8,8,0.5,5.5,0.375,0.1,0.3,0.4,1.1,0.2,0.4,0.2,1.3,1,102.9,121.0,-18.1,0.553,0.04,0.013,0.069,7.7,5.67,0.113,0.082,520,531,553,365,552,524,533,562,120,4,530,337
1631174,Tyler Burton,Tyler,1610612763,26.0,12,2,10,0.167,25.6,0.333,0.7,3.5,4.2,1.0,0.9,0.9,0.3,10.8,1,102.0,124.3,-22.3,0.521,0.076,0.023,0.137,7.5,1.09,0.18,0.061,527,560,559,458,304,435,208,191,113,480,241,483
1629639,Tyler Herro,Tyler,1610612748,26.0,33,14,19,0.424,31.3,0.378,0.4,4.4,4.8,4.1,1.9,0.7,0.4,20.5,1,114.4,116.4,-2.0,0.602,0.071,0.013,0.129,8.4,2.13,0.248,0.122,167,436,302,182,340,533,238,172,168,176,65,93
1642278,Tyler Kolek,Tyler,1610612752,25.0,62,39,23,0.629,11.7,0.386,0.3,1.3,1.6,2.7,0.9,0.4,0.1,4.4,1,111.7,105.7,6.0,0.533,0.064,0.021,0.108,11.4,3.09,0.173,0.101,286,62,103,422,390,453,339,392,422,53,280,201
1641890,Tyler Smith,Tyler,1610612742,21.0,12,2,10,0.167,13.8,0.286,1.0,1.8,2.8,0.4,0.5,0.5,0.0,4.7,1,110.6,114.7,-4.1,0.532,0.086,0.059,0.117,9.4,0.83,0.135,0.059,329,372,356,429,246,165,296,25,243,533,465,493
1631213,Tyrese Martin,Tyrese,1610612755,27.0,46,12,34,0.261,16.9,0.321,0.7,1.8,2.5,1.7,0.9,0.5,0.1,6.3,2,105.8,116.8,-10.9,0.501,0.074,0.04,0.112,9.9,1.95,0.178,0.077,480,445,496,493,321,267,319,533,280,229,251,376
1630178,Tyrese Maxey,Tyrese,1610612755,25.0,70,38,32,0.543,38.0,0.367,0.3,3.8,4.1,6.6,2.4,1.9,0.8,28.3,1,115.0,113.4,1.5,0.588,0.052,0.008,0.096,7.4,2.7,0.286,0.15,148,308,216,231,487,555,395,417,108,98,27,29
1642878,Tyrese Proctor,Tyrese,1610612739,22.0,50,33,17,0.66,10.9,0.351,0.2,1.1,1.3,1.5,0.8,0.5,0.0,5.4,1,112.5,112.8,-0.3,0.556,0.055,0.019,0.092,11.1,1.85,0.214,0.087,257,280,264,359,462,476,415,367,405,254,131,300
1630623,Tyson Etienne,Tyson,1610612751,26.0,24,5,19,0.208,15.8,0.398,0.2,0.9,1.1,1.7,0.7,0.5,0.0,7.9,1,105.6,117.8,-12.2,0.588,0.036,0.013,0.06,7.4,2.5,0.198,0.071,484,475,512,232,563,527,552,274,104,124,173,421
1626145,Tyus Jones,Tyus,1610612743,30.0,67,37,30,0.552,14.6,0.292,0.2,1.0,1.1,2.4,0.4,0.6,0.0,3.0,3,107.5,113.6,-6.1,0.448,0.036,0.011,0.065,6.2,6.36,0.103,0.065,433,323,399,542,562,546,546,349,65,1,552,462
1642845,VJ Edgecombe,VJ,1610612755,20.0,75,43,32,0.573,35.0,0.354,1.6,4.0,5.6,4.2,1.8,1.4,0.5,16.0,1,114.8,113.9,0.9,0.54,0.077,0.044,0.111,8.8,2.3,0.196,0.092,152,339,229,404,297,238,324,399,189,153,181,261
1641705,Victor Wembanyama,Victor,1610612759,22.0,64,50,14,0.781,29.2,0.349,2.0,9.5,11.5,3.1,2.4,1.0,3.1,25.0,1,120.5,103.6,17.0,0.626,0.186,0.071,0.285,9.5,1.28,0.316,0.209,31,41,17,111,15,126,4,255,256,435,10,5
1631246,Vince Williams Jr.,Vince,1610612762,25.0,40,16,24,0.4,20.5,0.311,1.0,2.9,3.9,4.2,1.8,0.7,0.4,7.5,2,108.7,108.4,0.3,0.478,0.084,0.044,0.123,12.7,2.37,0.19,0.085,402,110,240,515,256,240,269,246,486,141,201,313
1642884,Vladislav Goldin,Vladislav,1610612748,25.0,9,5,4,0.556,2.7,0.0,0.3,0.7,1.0,0.3,0.3,0.0,0.3,0.8,1,105.2,88.9,16.3,0.788,0.164,0.111,0.214,30.0,1.0,0.101,0.105,491,7,19,2,39,49,42,2,580,496,558,176
1630249,Vit Krejci,Vít,1610612757,26.0,65,32,33,0.492,21.4,0.39,0.5,1.8,2.3,1.5,0.6,0.7,0.3,8.5,2,110.0,111.1,-1.1,0.609,0.05,0.02,0.081,7.0,2.44,0.142,0.068,363,215,283,157,498,455,483,183,83,131,422,444
1631117,Walker Kessler,Walker,1610612762,24.0,5,2,3,0.4,30.8,0.75,4.6,6.2,10.8,3.0,3.2,1.4,1.8,14.4,1,118.8,114.0,4.8,0.786,0.167,0.149,0.183,20.8,0.94,0.167,0.138,60,341,123,3,36,10,84,525,568,515,310,55
1642383,Walter Clayton Jr.,Walter,1610612763,23.0,69,17,52,0.246,20.4,0.307,0.4,1.7,2.0,4.0,1.7,0.6,0.3,7.8,2,111.7,121.2,-9.6,0.523,0.048,0.017,0.081,12.8,2.41,0.181,0.073,290,534,469,455,513,492,482,179,491,138,238,412
1628976,Wendell Carter Jr.,Wendell,1610612753,27.0,78,43,35,0.551,29.3,0.319,2.1,5.3,7.4,2.0,1.3,0.8,0.6,11.8,1,113.5,111.3,2.2,0.617,0.124,0.07,0.177,10.0,1.54,0.156,0.096,212,225,198,129,98,131,100,309,287,358,368,229
1631111,Wendell Moore Jr.,Wendell,1610612765,24.0,6,5,1,0.833,9.9,0.0,0.2,0.8,1.0,0.7,0.2,0.3,0.3,1.7,1,129.0,94.4,34.6,0.635,0.056,0.02,0.085,7.7,4.0,0.066,0.063,4,12,2,91,455,457,456,410,120,20,581,470
1642954,Will Richard,Will,1610612744,23.0,69,34,35,0.493,20.0,0.335,1.0,1.5,2.5,1.3,0.8,1.2,0.1,6.4,1,110.3,113.6,-3.3,0.596,0.061,0.045,0.078,10.3,1.75,0.123,0.063,344,320,336,199,418,232,499,205,320,283,500,466
1642860,Will Riley,Will,1610612764,20.0,74,16,58,0.216,22.1,0.316,0.8,2.1,2.9,2.0,1.3,0.7,0.1,10.3,1,107.3,121.4,-14.1,0.548,0.064,0.033,0.097,10.1,1.55,0.196,0.08,441,536,533,381,391,330,379,186,304,354,179,352
1630214,Xavier Tillman,Xavier,1610612766,27.0,30,21,9,0.7,6.1,0.167,0.6,0.8,1.4,0.4,0.3,0.3,0.2,1.5,2,104.8,109.7,-4.9,0.461,0.116,0.098,0.136,11.6,1.63,0.127,0.069,494,145,382,529,124,73,211,493,432,323,493,432
1642905,Yang Hansen,Yang,1610612757,21.0,43,24,19,0.558,7.0,0.119,0.5,1.1,1.5,0.5,0.7,0.1,0.2,2.2,1,95.1,110.2,-15.1,0.413,0.102,0.063,0.139,18.9,0.69,0.196,0.027,555,169,541,556,170,153,202,90,561,540,180,561
1642949,Yanic Konan Niederhauser,Yanic Konan,1610612746,23.0,41,22,19,0.537,10.3,0.2,0.9,2.0,2.9,0.3,0.6,0.1,0.7,4.3,1,113.9,109.4,4.5,0.691,0.14,0.096,0.176,14.0,0.52,0.153,0.098,191,135,128,29,72,77,102,478,519,550,381,216
1642530,Yuki Kawamura,Yuki,1610612741,25.0,18,6,12,0.333,11.6,0.297,0.4,1.4,1.8,2.6,0.8,0.5,0.0,3.4,1,111.7,114.0,-2.3,0.514,0.074,0.032,0.118,11.7,3.36,0.133,0.082,292,343,310,480,314,342,293,24,436,36,472,334
1642274,Yves Missi,Yves,1610612740,22.0,66,19,47,0.288,19.7,0.0,2.8,3.1,5.8,1.3,0.8,0.3,1.5,5.7,1,112.7,114.1,-1.3,0.556,0.137,0.128,0.147,11.3,1.56,0.122,0.087,245,346,287,357,75,31,170,379,419,351,504,298
1642258,Zaccharie Risacher,Zaccharie,1610612737,21.0,67,39,28,0.582,22.4,0.368,1.1,2.8,3.8,1.1,0.9,0.9,0.5,9.6,1,112.8,112.6,0.2,0.557,0.081,0.044,0.121,8.2,1.31,0.168,0.07,241,272,247,355,274,239,275,70,153,428,300,427
1628380,Zach Collins,Zach,1610612741,28.0,10,6,4,0.6,18.4,0.429,1.6,4.0,5.6,1.5,1.0,0.2,0.4,9.7,1,115.0,111.6,3.4,0.666,0.143,0.081,0.205,10.3,1.5,0.177,0.123,147,231,158,53,65,97,50,115,318,373,262,88
1641744,Zach Edey,Zach,1610612763,24.0,11,7,4,0.636,25.8,0.2,3.9,7.2,11.1,1.1,2.4,0.6,1.9,13.6,1,112.8,94.5,18.3,0.669,0.198,0.148,0.243,17.2,0.46,0.2,0.157,243,13,13,49,9,13,19,297,553,556,165,19
203897,Zach LaVine,Zach,1610612758,31.0,39,9,30,0.231,31.4,0.39,0.2,2.6,2.8,2.3,1.9,0.7,0.3,19.2,1,109.3,121.9,-12.6,0.614,0.044,0.006,0.083,9.6,1.2,0.234,0.096,386,540,516,137,537,562,472,396,263,459,85,233
1630192,Zeke Nnaji,Zeke,1610612743,25.0,52,38,14,0.731,12.0,0.259,0.6,2.0,2.6,0.6,0.5,0.3,0.5,3.7,1,107.1,113.7,-6.6,0.558,0.103,0.053,0.147,11.9,1.07,0.136,0.07,453,328,413,353,165,192,171,462,450,484,457,429
1630533,Ziaire Williams,Ziaire,1610612751,24.0,56,13,43,0.232,22.9,0.343,0.5,1.9,2.4,1.1,1.1,1.4,0.4,10.2,1,103.1,113.2,-10.1,0.579,0.052,0.022,0.084,9.7,1.02,0.179,0.079,514,301,481,264,485,437,464,405,271,494,249,360
1629627,Zion Williamson,Zion,1610612740,25.0,62,22,40,0.355,29.7,0.25,2.0,3.7,5.7,3.2,2.0,1.0,0.5,21.0,1,113.0,114.9,-1.9,0.644,0.09,0.064,0.116,9.4,1.58,0.25,0.141,237,383,297,75,229,151,303,158,252,337,64,47
1642389,Zyon Pullin,Zyon,1610612750,25.0,5,4,1,0.8,8.5,0.333,0.2,0.4,0.6,1.8,0.6,0.2,0.0,4.6,1,121.4,118.9,2.5,0.779,0.033,0.03,0.035,11.1,3.0,0.167,0.11,27,497,186,4,566,353,570,18,396,59,310,147
